name,age,gender,country,diet,description
Grace,25,Non-binary,USA,Lactose Intolerant,Grace is a 25-year-old non-binary individual from the USA who is lactose intolerant. Grace follows a diet that excludes dairy products due to their intolerance. Grace is conscientious about their dietary restrictions and creatively navigates menus and recipes to ensure they can enjoy meals without compromising their health. They may opt for dairy-free alternatives and have a good knowledge of lactose-free food options. Grace's focus on their well-being and commitment to their dietary needs reflect their self-care and dedication to maintaining a healthy lifestyle.
Bob,45,Female,Germany,Omnivore,"Bob is a 45-year-old female from Germany who follows an omnivorous diet. She enjoys a balanced intake of plant-based foods and animal products, ensuring she gets a variety of nutrients in her meals. Bob takes pleasure in exploring different cuisines and flavors, constantly looking for new and exciting recipes to try out in her kitchen. Additionally, she values the importance of sustainable and ethical food choices, making sure her omnivorous diet supports her overall well-being and the environment."
Isaac,29,Male,Brazil,Vegan,"Isaac is a 29-year-old male from Brazil who follows a vegan diet. He is passionate about animal welfare and environmental sustainability, which is why he has chosen to adopt a plant-based lifestyle. Isaac is dedicated to seeking out creative and delicious vegan recipes to ensure he is getting all the nutrients his body needs. He loves exploring vegan restaurants and experimenting with new plant-based ingredients in his own cooking. Isaac's commitment to his vegan diet not only reflects his values but also contributes to his overall health and well-being."
Olivia,27,Female,France,Nut Allergy,"Olivia is a 27-year-old female from France. She is a vibrant and energetic individual who values a healthy lifestyle. Olivia follows a strict diet due to her nut allergy, making sure to always check food labels and ingredients to avoid any potential allergens. Despite this dietary restriction, she remains dedicated to finding alternative and nutritious meal options that are safe for her to consume. Olivia is conscientious and proactive about her health, always prioritizing her well-being above all else."
Liam,48,Male,Brazil,Vegetarian,"Liam is a 48-year-old male from Brazil who follows a vegetarian diet. He has a passion for exploring different plant-based cuisines and experimenting with new recipes. Liam maintains a healthy lifestyle by incorporating a variety of fruits, vegetables, grains, and legumes into his diet. He values sustainability and cares about the environment, which is reflected in his dietary choices. Liam is open-minded, adventurous, and always eager to try new vegetarian dishes from around the world."
Paul,55,Non-binary,Japan,Vegan,"Paul is a 55-year-old non-binary individual from Japan who follows a vegan diet. They are passionate about animal rights and the environment, and strive to make ethical choices in their lifestyle. Paul enjoys experimenting with plant-based recipes from different cultures and is always on the lookout for new vegan restaurants to try. They prioritize their health and well-being by ensuring their diet is balanced and nutritious, and enjoy sharing their love for veganism with others in their community. Paul is a compassionate and mindful individual who embodies a strong sense of empathy and responsibility towards all living beings."
Hannah,34,Female,Germany,Vegan,"Hannah is a 34-year-old female from Germany who follows a vegan diet. She is passionate about animal rights and sustainability, and her commitment to veganism extends beyond just her diet - she also looks for cruelty-free and eco-friendly products in all aspects of her life. Hannah is creative in the kitchen, constantly experimenting with new plant-based recipes to ensure she maintains a balanced and nutritious diet. Her vegan lifestyle is not just a choice, but a core part of her identity and values."
Eva,63,Male,Japan,Vegan,"Eva is a 63-year-old man from Japan who follows a vegan diet. He is dedicated to living a plant-based lifestyle and is passionate about promoting sustainability and compassion for animals. Eva is dedicated to exploring creative and delicious ways to prepare vegan meals, and he enjoys trying new plant-based recipes from different cultures. He takes pride in his health and well-being, and his vegan diet is an integral part of his daily routine. Eva's commitment to veganism extends beyond just his diet, as he also seeks out cruelty-free products and advocates for animal rights in his community."
Paul,39,Non-binary,Japan,Vegetarian,"Paul is a 39-year-old non-binary individual from Japan who follows a vegetarian diet. They have a deep appreciation for plant-based foods and prioritize ethical and sustainable choices in their diet. Paul is a creative and open-minded individual who enjoys exploring different flavors and cuisines to create delicious and nutritious vegetarian meals. They are passionate about animal rights and the environment, and strive to make a positive impact through their dietary choices. Paul's commitment to their vegetarian lifestyle reflects their values of compassion, health, and mindfulness."
Olivia,22,Non-binary,Germany,Vegan,"Olivia is a 22-year-old non-binary individual from Germany who follows a vegan diet. They are passionate about plant-based living and strive to make ethical and sustainable choices in all aspects of their life. Olivia is dedicated to promoting compassion for animals and protecting the environment. They are creative, open-minded, and enjoy experimenting with new vegan recipes and ingredients. Olivia takes pride in their commitment to living in harmony with nature and making a positive impact on the world through their dietary choices."
Katherine,62,Non-binary,Japan,Vegetarian,"Katherine is a 62-year-old non-binary individual from Japan who follows a vegetarian diet. They are conscious about their food choices and prefer to nourish their body with plant-based ingredients to support their health and well-being. Katherine enjoys exploring the diverse flavors and culinary delights of vegetarian cuisine, finding creative ways to incorporate nutrient-rich foods into their meals. In addition to their dietary preferences, Katherine appreciates the cultural significance of food and embraces a mindful approach to eating as a way to connect with their surroundings and promote sustainability."
Bob,42,Female,USA,Lactose Intolerant,"Bob is a 42-year-old female from the USA who is lactose intolerant. She takes great care in following a lactose-free diet to avoid any discomfort or digestive issues. Despite her dietary restriction, Bob is diligent about maintaining a balanced and nutritious meal plan that suits her needs. She is proactive in finding alternative sources of calcium and other essential nutrients to ensure she remains healthy and energized. Bob's commitment to her lactose-free diet reflects her dedication to taking care of her well-being."
Jack,21,Male,Brazil,Omnivore,"Jack is a 21-year-old male from Brazil who follows an omnivorous diet. He is a tall and lean young man with a casual and easy-going demeanor. Jack has a warm and friendly smile that instantly puts people at ease when they meet him. He enjoys trying new foods from different cultures and is always up for a culinary adventure. Jack is passionate about staying active and enjoys playing soccer and going for runs in the park. In his free time, he loves exploring nature and spending time with his friends and family."
Samuel,39,Male,Germany,Omnivore,"Samuel is a 39-year-old male from Germany. He is an omnivore, meaning he consumes a diet that includes both animal and plant-based foods. Samuel enjoys a variety of dishes and is open to trying new foods from different cuisines. He values a balanced diet that incorporates a mix of proteins, carbohydrates, and vegetables. Samuel takes pleasure in exploring his country's culinary traditions as well as experimenting with international flavors."
David,23,Male,Japan,Omnivore,"David is a 23-year-old male from Japan who follows an omnivore diet. He has a healthy and diverse approach to his meals, including a balance of both plant-based and animal-based foods in his diet. He enjoys trying new and culturally diverse dishes, incorporating a variety of flavors and ingredients into his meals. David values a healthy lifestyle and strives to maintain a well-rounded diet that provides him with the necessary nutrients and energy to support his active lifestyle."
Grace,28,Male,USA,Vegan,"Grace is a 28-year-old vegan man from the USA. He is passionate about living a plant-based lifestyle and is committed to following a vegan diet for ethical and health reasons. Grace maintains a healthy and balanced diet without the use of animal products, opting for fruits, vegetables, grains, legumes, and plant-based alternatives. He takes time to prepare delicious and nutritious vegan meals and enjoys exploring new recipes and ingredients to support his dietary choices. Grace is dedicated to promoting animal welfare and sustainable living through his vegan lifestyle."
Grace,37,Male,Japan,Vegetarian,"Grace is a 37-year-old man from Japan who follows a vegetarian diet. He is passionate about living a healthy and sustainable lifestyle, choosing to abstain from consuming meat or animal products. Grace takes great care in selecting a variety of plant-based foods to ensure he receives all the necessary nutrients for his well-being. His commitment to vegetarianism reflects his values of compassion towards animals and the environment. In addition to his dietary choices, Grace is a kind and gentle individual who values harmony and balance in all aspects of his life."
Jack,29,Male,Japan,Omnivore,"Jack is a 29-year-old male from Japan who follows an omnivorous diet. He takes pleasure in exploring a variety of foods and flavors, readily enjoying dishes that incorporate a mix of both plant-based and animal-based ingredients. Jack's diverse dietary choices are reflective of his open-minded approach to life and willingness to experience different culinary traditions. His love for food fuels his curiosity and adventurous spirit, making him a delightful companion for discovering new tastes and cuisines."
Bob,37,Female,Japan,Omnivore,"Bob is a 37-year-old female from Japan who follows an omnivore diet. She is open-minded and adventurous when it comes to trying different types of foods. Bob enjoys exploring the rich culinary traditions of her country as well as sampling international cuisines. She values balance and variety in her meals, incorporating a mix of fruits, vegetables, grains, proteins, and dairy into her diet. Bob takes pride in maintaining a healthy lifestyle and believes in the importance of enjoying food in moderation. She is always eager to discover new flavors and techniques in cooking to expand her culinary palate."
Bob,43,Male,USA,Vegetarian,"Bob is a 43-year-old man from the USA who follows a vegetarian diet. He is dedicated to maintaining a plant-based lifestyle, focusing on consuming a variety of fruits, vegetables, grains, and legumes to ensure he receives all the necessary nutrients. Bob is passionate about animal welfare and environmental sustainability, and his dietary choices reflect his values. He enjoys experimenting with new vegetarian recipes and sharing his love for plant-based cuisine with others. In addition to his commitment to vegetarianism, Bob leads an active and healthy lifestyle, prioritizing exercise and self-care to promote overall well-being."
Eva,37,Non-binary,Brazil,Omnivore,"Eva is a 37-year-old non-binary individual from Brazil. They follow an omnivorous diet, enjoying a balance of plant-based and animal-based foods in their meals. Eva believes in eating a variety of foods for optimal health and nutrition. They have a deep appreciation for Brazilian cuisine and love exploring diverse flavors and ingredients in their cooking. Eva's approach to food reflects their open-mindedness and willingness to try new culinary experiences."
Isaac,57,Male,France,Lactose Intolerant,"Isaac is a 57-year-old male from France. He leads a healthy lifestyle and takes particular care with his diet as he is lactose intolerant. Despite this dietary restriction, Isaac enjoys exploring creative and delicious non-dairy options to ensure he still gets all the necessary nutrients. He is knowledgeable about nutrition and always seeks out balanced meals that cater to his specific dietary needs. Isaac's commitment to his health is apparent in his vibrant personality and overall well-being."
Mia,27,Male,France,Vegetarian,"Mia is a 27-year-old French man who follows a vegetarian diet. He is dedicated to living a plant-based lifestyle for both ethical and health reasons. Mia pays close attention to his nutrition to ensure he gets all the necessary nutrients from his vegetarian diet. He enjoys experimenting with different vegetarian recipes and embracing a variety of fruits, vegetables, grains, and plant-based proteins in his meals. Mia takes pride in his commitment to sustainability and animal welfare, making conscious choices in his diet that align with his values."
Jack,48,Male,USA,Omnivore,"Jack is a 48-year-old man from the USA. He follows an omnivore diet, enjoying a variety of foods from both plant and animal sources. He believes in balance and moderation when it comes to his meals, making sure to include a mix of proteins, carbohydrates, and vegetables in his diet. Jack enjoys trying new dishes and flavors, and appreciates the diversity that his diet allows him. He values food as a way to nourish his body and fuel his active lifestyle."
Olivia,21,Non-binary,USA,Lactose Intolerant,"Olivia is a 21-year-old non-binary individual from the USA. They are lactose intolerant, meaning they avoid dairy products that contain lactose in their diet. Olivia is diligent about selecting lactose-free alternatives and pays close attention to their food choices to ensure they avoid any discomfort from lactose intolerance. Their commitment to maintaining a lactose-free diet showcases their dedication to their well-being and health."
