uuid,item_id,rating,item_title,item_ingredients
bf6846e2-7267-4437-afc1-0f8c509cd2df,90323,1,garlic loaf,"['butter', 'parsley', 'garlic powder', 'garlic salt', 'frozen bread dough']"
bf6846e2-7267-4437-afc1-0f8c509cd2df,43806,2,chicken coconut curry soup   a k a  easy mulligatawny,"['whole boneless skinless chicken breast', 'potatoes', 'carrots', 'onion', 'curry powder', 'gingerroot', 'garlic', 'ground cumin', 'chicken stock cubes', 'water', 'coconut milk', 'salt', 'fresh ground pepper']"
bf6846e2-7267-4437-afc1-0f8c509cd2df,41168,-1,cherry almond butter cookies,"['butter', 'sugar', 'egg', 'vanilla', 'flour', 'baking powder', 'dried cherries', 'slivered almonds']"
bf6846e2-7267-4437-afc1-0f8c509cd2df,90229,1,garlic fries  light,"['canola oil', 'salt', 'baking potatoes', 'cooking spray', 'butter', 'garlic cloves', 'fresh parsley', 'parmesan cheese']"
bf6846e2-7267-4437-afc1-0f8c509cd2df,519,-1,second only to my meatloaf  meatballs,"['ground beef', 'oatmeal', 'onion', 'egg', 'milk', 'salt', 'ketchup', 'vinegar', 'sugar', 'prepared mustard']"
bf6846e2-7267-4437-afc1-0f8c509cd2df,28383,0,breakfast  pizza   somersize,"['bulk sausage', 'cheddar cheese', 'eggs', 'diced tomato', 'fresh mushrooms']"
bf6846e2-7267-4437-afc1-0f8c509cd2df,77465,1,easy pasta lasagna,"['rigatoni pasta', 'eggs', 'ricotta cheese', 'parmesan cheese', 'minced garlic cloves', 'oregano', 'salt & pepper', 'pasta sauce', 'diced tomatoes', 'sour cream', 'mozzarella cheese']"
bf6846e2-7267-4437-afc1-0f8c509cd2df,74532,0,easter deviled eggs,"['hard-cooked eggs', 'cream cheese', 'dijon mustard', 'mayonnaise', 'white vinegar', 'sea salt', 'fresh ground pepper', 'fresh dill weed', 'paprika']"
bf6846e2-7267-4437-afc1-0f8c509cd2df,13949,0,baked corn  like a corn casserole  but no cheese or sour cream,"['eggs', 'creamed corn', 'sugar', 'club crackers', 'salt', 'milk', 'butter']"
bf6846e2-7267-4437-afc1-0f8c509cd2df,17596,0,barbecue hamburger patties,"['beef', 'onion', 'salt', 'catsup', 'chili sauce', 'brown sugar', 'lemon juice']"
bf6846e2-7267-4437-afc1-0f8c509cd2df,45008,2,chicken oreganata with lime,"['fresh oregano', 'lime zest', 'ground cumin', 'garlic cloves', 'fresh ground black pepper', 'chicken breasts', 'extra virgin olive oil', 'salt', 'flour', 'chicken broth', 'tequila', 'fresh lime juice']"
bf6846e2-7267-4437-afc1-0f8c509cd2df,62708,1,creamy chicken  spinach and tortellini soup,"['olive oil', 'sweet onion', 'carrots', 'garlic clove', 'bay leaf', 'poultry seasoning', 'herbes de provence', 'red chili pepper flakes', 'cinnamon', 'nutmeg', 'salt and pepper', 'tortellini', 'chicken stock', 'chicken bouillon', 'reduced-fat cream of chicken soup', 'frozen chopped spinach', 'cooked chicken breast', 'nonfat milk']"
bf6846e2-7267-4437-afc1-0f8c509cd2df,2267,-1,abraham lincoln s   best cake i ever tasted    a white,"['granulated sugar', 'butter', 'vanilla', 'cake flour', 'baking powder', 'milk', 'almonds', 'egg whites', 'sugar', 'water', 'cream of tartar', 'salt']"
bf6846e2-7267-4437-afc1-0f8c509cd2df,89204,0,fudge filled chocolate chip thumbprints,"['butter', 'salt', 'vanilla extract', 'brown sugar', 'all-purpose flour', 'semisweet mini chocolate chips', 'milk', ""confectioners' sugar"", 'semisweet chocolate piece', 'shortening', 'white corn syrup', 'water']"
bf6846e2-7267-4437-afc1-0f8c509cd2df,96003,0,gravy peas,"['peas', 'margarine', 'flour', '2% low-fat milk', 'salt', 'pepper']"
bf6846e2-7267-4437-afc1-0f8c509cd2df,103024,-1,hazelnut chip scones,"['flour', 'sugar', 'baking powder', 'salt', 'cream of tartar', 'butter', 'egg', 'hazelnut-flavored liquid coffee creamer', 'semi-sweet chocolate chips', 'brown sugar', 'ground cinnamon', 'ground allspice', 'ground nutmeg']"
bf6846e2-7267-4437-afc1-0f8c509cd2df,28341,1,breaded steak  bistec empanizado,"['steaks', 'onion', 'garlic cloves', 'orange juice', 'dried oregano', 'peppercorn', 'paprika', 'salt', 'eggs', 'cracker meal', 'flour', 'olive oil']"
bf6846e2-7267-4437-afc1-0f8c509cd2df,63355,0,creamy mocha drink,"['splenda granular', 'baking cocoa', 'instant coffee granules', 'boiling water', '2% low-fat milk', 'vanilla extract', 'no-sugar-added reduced-fat vanilla ice cream', 'whipped topping', 'ground cinnamon']"
bf6846e2-7267-4437-afc1-0f8c509cd2df,94211,0,good old diner meatloaf,"['ground chuck', 'ground pork', 'beef broth', 'yellow onion', 'breadcrumbs', 'garlic cloves', 'worcestershire sauce', 'egg', 'olive oil', 'salt', 'pepper', 'dried oregano', 'ketchup', 'brown sugar']"
bf6846e2-7267-4437-afc1-0f8c509cd2df,95475,1,grandmas country soup 1965,"['fava beans', 'great northern bean', 'water', 'chicken stock', 'tomato paste', 'chili powder', 'cumin powder', 'onion', 'carrot', 'celery rib', 'savoy cabbage', 'frisee', 'salt', 'pepper', 'romano cheese', 'olive oil', 'spaghetti']"
48045289-6bf0-4938-bf87-de41b8d83228,90323,1,garlic loaf,"['butter', 'parsley', 'garlic powder', 'garlic salt', 'frozen bread dough']"
48045289-6bf0-4938-bf87-de41b8d83228,43806,1,chicken coconut curry soup   a k a  easy mulligatawny,"['whole boneless skinless chicken breast', 'potatoes', 'carrots', 'onion', 'curry powder', 'gingerroot', 'garlic', 'ground cumin', 'chicken stock cubes', 'water', 'coconut milk', 'salt', 'fresh ground pepper']"
48045289-6bf0-4938-bf87-de41b8d83228,41168,1,cherry almond butter cookies,"['butter', 'sugar', 'egg', 'vanilla', 'flour', 'baking powder', 'dried cherries', 'slivered almonds']"
48045289-6bf0-4938-bf87-de41b8d83228,519,1,second only to my meatloaf  meatballs,"['ground beef', 'oatmeal', 'onion', 'egg', 'milk', 'salt', 'ketchup', 'vinegar', 'sugar', 'prepared mustard']"
48045289-6bf0-4938-bf87-de41b8d83228,77465,1,easy pasta lasagna,"['rigatoni pasta', 'eggs', 'ricotta cheese', 'parmesan cheese', 'minced garlic cloves', 'oregano', 'salt & pepper', 'pasta sauce', 'diced tomatoes', 'sour cream', 'mozzarella cheese']"
48045289-6bf0-4938-bf87-de41b8d83228,28383,0,breakfast  pizza   somersize,"['bulk sausage', 'cheddar cheese', 'eggs', 'diced tomato', 'fresh mushrooms']"
48045289-6bf0-4938-bf87-de41b8d83228,90229,1,garlic fries  light,"['canola oil', 'salt', 'baking potatoes', 'cooking spray', 'butter', 'garlic cloves', 'fresh parsley', 'parmesan cheese']"
48045289-6bf0-4938-bf87-de41b8d83228,74532,1,easter deviled eggs,"['hard-cooked eggs', 'cream cheese', 'dijon mustard', 'mayonnaise', 'white vinegar', 'sea salt', 'fresh ground pepper', 'fresh dill weed', 'paprika']"
48045289-6bf0-4938-bf87-de41b8d83228,13949,0,baked corn  like a corn casserole  but no cheese or sour cream,"['eggs', 'creamed corn', 'sugar', 'club crackers', 'salt', 'milk', 'butter']"
48045289-6bf0-4938-bf87-de41b8d83228,89204,1,fudge filled chocolate chip thumbprints,"['butter', 'salt', 'vanilla extract', 'brown sugar', 'all-purpose flour', 'semisweet mini chocolate chips', 'milk', ""confectioners' sugar"", 'semisweet chocolate piece', 'shortening', 'white corn syrup', 'water']"
48045289-6bf0-4938-bf87-de41b8d83228,96003,-1,gravy peas,"['peas', 'margarine', 'flour', '2% low-fat milk', 'salt', 'pepper']"
48045289-6bf0-4938-bf87-de41b8d83228,2267,1,abraham lincoln s   best cake i ever tasted    a white,"['granulated sugar', 'butter', 'vanilla', 'cake flour', 'baking powder', 'milk', 'almonds', 'egg whites', 'sugar', 'water', 'cream of tartar', 'salt']"
48045289-6bf0-4938-bf87-de41b8d83228,45008,1,chicken oreganata with lime,"['fresh oregano', 'lime zest', 'ground cumin', 'garlic cloves', 'fresh ground black pepper', 'chicken breasts', 'extra virgin olive oil', 'salt', 'flour', 'chicken broth', 'tequila', 'fresh lime juice']"
48045289-6bf0-4938-bf87-de41b8d83228,17596,1,barbecue hamburger patties,"['beef', 'onion', 'salt', 'catsup', 'chili sauce', 'brown sugar', 'lemon juice']"
48045289-6bf0-4938-bf87-de41b8d83228,62708,1,creamy chicken  spinach and tortellini soup,"['olive oil', 'sweet onion', 'carrots', 'garlic clove', 'bay leaf', 'poultry seasoning', 'herbes de provence', 'red chili pepper flakes', 'cinnamon', 'nutmeg', 'salt and pepper', 'tortellini', 'chicken stock', 'chicken bouillon', 'reduced-fat cream of chicken soup', 'frozen chopped spinach', 'cooked chicken breast', 'nonfat milk']"
48045289-6bf0-4938-bf87-de41b8d83228,103024,0,hazelnut chip scones,"['flour', 'sugar', 'baking powder', 'salt', 'cream of tartar', 'butter', 'egg', 'hazelnut-flavored liquid coffee creamer', 'semi-sweet chocolate chips', 'brown sugar', 'ground cinnamon', 'ground allspice', 'ground nutmeg']"
48045289-6bf0-4938-bf87-de41b8d83228,63355,0,creamy mocha drink,"['splenda granular', 'baking cocoa', 'instant coffee granules', 'boiling water', '2% low-fat milk', 'vanilla extract', 'no-sugar-added reduced-fat vanilla ice cream', 'whipped topping', 'ground cinnamon']"
48045289-6bf0-4938-bf87-de41b8d83228,15414,0,baked tofu with mushroom gravy,"['soft silken tofu', 'butter', 'white onions', 'white button mushrooms', 'flour', 'low-fat milk', 'low-fat plain yogurt', 'salt', 'pepper', 'dried thyme', 'oil', 'nonstick cooking spray']"
48045289-6bf0-4938-bf87-de41b8d83228,121586,1,lemon fluff ice cream,"['heavy cream', 'sugar', 'fresh lemon juice', 'sliced almonds', 'lemon zest', 'vanilla flavoring', 'almond flavoring']"
48045289-6bf0-4938-bf87-de41b8d83228,41934,-1,chewy gingerbread molasses cookies,"['margarine', 'sugar', 'molasses', 'water', 'flour', 'baking soda', 'ginger', 'cinnamon', 'allspice']"
10d7e83d-510c-4858-881b-e013b3088281,90323,1,garlic loaf,"['butter', 'parsley', 'garlic powder', 'garlic salt', 'frozen bread dough']"
10d7e83d-510c-4858-881b-e013b3088281,43806,2,chicken coconut curry soup   a k a  easy mulligatawny,"['whole boneless skinless chicken breast', 'potatoes', 'carrots', 'onion', 'curry powder', 'gingerroot', 'garlic', 'ground cumin', 'chicken stock cubes', 'water', 'coconut milk', 'salt', 'fresh ground pepper']"
10d7e83d-510c-4858-881b-e013b3088281,41168,0,cherry almond butter cookies,"['butter', 'sugar', 'egg', 'vanilla', 'flour', 'baking powder', 'dried cherries', 'slivered almonds']"
10d7e83d-510c-4858-881b-e013b3088281,519,1,second only to my meatloaf  meatballs,"['ground beef', 'oatmeal', 'onion', 'egg', 'milk', 'salt', 'ketchup', 'vinegar', 'sugar', 'prepared mustard']"
10d7e83d-510c-4858-881b-e013b3088281,77465,1,easy pasta lasagna,"['rigatoni pasta', 'eggs', 'ricotta cheese', 'parmesan cheese', 'minced garlic cloves', 'oregano', 'salt & pepper', 'pasta sauce', 'diced tomatoes', 'sour cream', 'mozzarella cheese']"
10d7e83d-510c-4858-881b-e013b3088281,90229,1,garlic fries  light,"['canola oil', 'salt', 'baking potatoes', 'cooking spray', 'butter', 'garlic cloves', 'fresh parsley', 'parmesan cheese']"
10d7e83d-510c-4858-881b-e013b3088281,28383,0,breakfast  pizza   somersize,"['bulk sausage', 'cheddar cheese', 'eggs', 'diced tomato', 'fresh mushrooms']"
10d7e83d-510c-4858-881b-e013b3088281,74532,0,easter deviled eggs,"['hard-cooked eggs', 'cream cheese', 'dijon mustard', 'mayonnaise', 'white vinegar', 'sea salt', 'fresh ground pepper', 'fresh dill weed', 'paprika']"
10d7e83d-510c-4858-881b-e013b3088281,13949,0,baked corn  like a corn casserole  but no cheese or sour cream,"['eggs', 'creamed corn', 'sugar', 'club crackers', 'salt', 'milk', 'butter']"
10d7e83d-510c-4858-881b-e013b3088281,62708,1,creamy chicken  spinach and tortellini soup,"['olive oil', 'sweet onion', 'carrots', 'garlic clove', 'bay leaf', 'poultry seasoning', 'herbes de provence', 'red chili pepper flakes', 'cinnamon', 'nutmeg', 'salt and pepper', 'tortellini', 'chicken stock', 'chicken bouillon', 'reduced-fat cream of chicken soup', 'frozen chopped spinach', 'cooked chicken breast', 'nonfat milk']"
10d7e83d-510c-4858-881b-e013b3088281,96003,0,gravy peas,"['peas', 'margarine', 'flour', '2% low-fat milk', 'salt', 'pepper']"
10d7e83d-510c-4858-881b-e013b3088281,17596,2,barbecue hamburger patties,"['beef', 'onion', 'salt', 'catsup', 'chili sauce', 'brown sugar', 'lemon juice']"
10d7e83d-510c-4858-881b-e013b3088281,89204,0,fudge filled chocolate chip thumbprints,"['butter', 'salt', 'vanilla extract', 'brown sugar', 'all-purpose flour', 'semisweet mini chocolate chips', 'milk', ""confectioners' sugar"", 'semisweet chocolate piece', 'shortening', 'white corn syrup', 'water']"
10d7e83d-510c-4858-881b-e013b3088281,15414,-1,baked tofu with mushroom gravy,"['soft silken tofu', 'butter', 'white onions', 'white button mushrooms', 'flour', 'low-fat milk', 'low-fat plain yogurt', 'salt', 'pepper', 'dried thyme', 'oil', 'nonstick cooking spray']"
10d7e83d-510c-4858-881b-e013b3088281,45008,2,chicken oreganata with lime,"['fresh oregano', 'lime zest', 'ground cumin', 'garlic cloves', 'fresh ground black pepper', 'chicken breasts', 'extra virgin olive oil', 'salt', 'flour', 'chicken broth', 'tequila', 'fresh lime juice']"
10d7e83d-510c-4858-881b-e013b3088281,103024,-1,hazelnut chip scones,"['flour', 'sugar', 'baking powder', 'salt', 'cream of tartar', 'butter', 'egg', 'hazelnut-flavored liquid coffee creamer', 'semi-sweet chocolate chips', 'brown sugar', 'ground cinnamon', 'ground allspice', 'ground nutmeg']"
10d7e83d-510c-4858-881b-e013b3088281,121586,1,lemon fluff ice cream,"['heavy cream', 'sugar', 'fresh lemon juice', 'sliced almonds', 'lemon zest', 'vanilla flavoring', 'almond flavoring']"
10d7e83d-510c-4858-881b-e013b3088281,94211,1,good old diner meatloaf,"['ground chuck', 'ground pork', 'beef broth', 'yellow onion', 'breadcrumbs', 'garlic cloves', 'worcestershire sauce', 'egg', 'olive oil', 'salt', 'pepper', 'dried oregano', 'ketchup', 'brown sugar']"
10d7e83d-510c-4858-881b-e013b3088281,79309,-1,eggnog candy bread,"['cooking oil', 'eggs', 'granulated sugar', 'rum flavoring', 'vanilla', 'eggnog', 'all-purpose flour', 'baking powder', 'salt', 'hard candies']"
10d7e83d-510c-4858-881b-e013b3088281,2267,0,abraham lincoln s   best cake i ever tasted    a white,"['granulated sugar', 'butter', 'vanilla', 'cake flour', 'baking powder', 'milk', 'almonds', 'egg whites', 'sugar', 'water', 'cream of tartar', 'salt']"
27188a55-046f-457b-b3cc-9b38abf8e219,90323,1,garlic loaf,"['butter', 'parsley', 'garlic powder', 'garlic salt', 'frozen bread dough']"
27188a55-046f-457b-b3cc-9b38abf8e219,43806,2,chicken coconut curry soup   a k a  easy mulligatawny,"['whole boneless skinless chicken breast', 'potatoes', 'carrots', 'onion', 'curry powder', 'gingerroot', 'garlic', 'ground cumin', 'chicken stock cubes', 'water', 'coconut milk', 'salt', 'fresh ground pepper']"
27188a55-046f-457b-b3cc-9b38abf8e219,41168,-1,cherry almond butter cookies,"['butter', 'sugar', 'egg', 'vanilla', 'flour', 'baking powder', 'dried cherries', 'slivered almonds']"
27188a55-046f-457b-b3cc-9b38abf8e219,90229,1,garlic fries  light,"['canola oil', 'salt', 'baking potatoes', 'cooking spray', 'butter', 'garlic cloves', 'fresh parsley', 'parmesan cheese']"
27188a55-046f-457b-b3cc-9b38abf8e219,519,1,second only to my meatloaf  meatballs,"['ground beef', 'oatmeal', 'onion', 'egg', 'milk', 'salt', 'ketchup', 'vinegar', 'sugar', 'prepared mustard']"
27188a55-046f-457b-b3cc-9b38abf8e219,77465,1,easy pasta lasagna,"['rigatoni pasta', 'eggs', 'ricotta cheese', 'parmesan cheese', 'minced garlic cloves', 'oregano', 'salt & pepper', 'pasta sauce', 'diced tomatoes', 'sour cream', 'mozzarella cheese']"
27188a55-046f-457b-b3cc-9b38abf8e219,28383,1,breakfast  pizza   somersize,"['bulk sausage', 'cheddar cheese', 'eggs', 'diced tomato', 'fresh mushrooms']"
27188a55-046f-457b-b3cc-9b38abf8e219,74532,0,easter deviled eggs,"['hard-cooked eggs', 'cream cheese', 'dijon mustard', 'mayonnaise', 'white vinegar', 'sea salt', 'fresh ground pepper', 'fresh dill weed', 'paprika']"
27188a55-046f-457b-b3cc-9b38abf8e219,13949,0,baked corn  like a corn casserole  but no cheese or sour cream,"['eggs', 'creamed corn', 'sugar', 'club crackers', 'salt', 'milk', 'butter']"
27188a55-046f-457b-b3cc-9b38abf8e219,62708,1,creamy chicken  spinach and tortellini soup,"['olive oil', 'sweet onion', 'carrots', 'garlic clove', 'bay leaf', 'poultry seasoning', 'herbes de provence', 'red chili pepper flakes', 'cinnamon', 'nutmeg', 'salt and pepper', 'tortellini', 'chicken stock', 'chicken bouillon', 'reduced-fat cream of chicken soup', 'frozen chopped spinach', 'cooked chicken breast', 'nonfat milk']"
27188a55-046f-457b-b3cc-9b38abf8e219,17596,2,barbecue hamburger patties,"['beef', 'onion', 'salt', 'catsup', 'chili sauce', 'brown sugar', 'lemon juice']"
27188a55-046f-457b-b3cc-9b38abf8e219,45008,2,chicken oreganata with lime,"['fresh oregano', 'lime zest', 'ground cumin', 'garlic cloves', 'fresh ground black pepper', 'chicken breasts', 'extra virgin olive oil', 'salt', 'flour', 'chicken broth', 'tequila', 'fresh lime juice']"
27188a55-046f-457b-b3cc-9b38abf8e219,96003,-1,gravy peas,"['peas', 'margarine', 'flour', '2% low-fat milk', 'salt', 'pepper']"
27188a55-046f-457b-b3cc-9b38abf8e219,89204,-1,fudge filled chocolate chip thumbprints,"['butter', 'salt', 'vanilla extract', 'brown sugar', 'all-purpose flour', 'semisweet mini chocolate chips', 'milk', ""confectioners' sugar"", 'semisweet chocolate piece', 'shortening', 'white corn syrup', 'water']"
27188a55-046f-457b-b3cc-9b38abf8e219,103024,-1,hazelnut chip scones,"['flour', 'sugar', 'baking powder', 'salt', 'cream of tartar', 'butter', 'egg', 'hazelnut-flavored liquid coffee creamer', 'semi-sweet chocolate chips', 'brown sugar', 'ground cinnamon', 'ground allspice', 'ground nutmeg']"
27188a55-046f-457b-b3cc-9b38abf8e219,121586,0,lemon fluff ice cream,"['heavy cream', 'sugar', 'fresh lemon juice', 'sliced almonds', 'lemon zest', 'vanilla flavoring', 'almond flavoring']"
27188a55-046f-457b-b3cc-9b38abf8e219,15414,-1,baked tofu with mushroom gravy,"['soft silken tofu', 'butter', 'white onions', 'white button mushrooms', 'flour', 'low-fat milk', 'low-fat plain yogurt', 'salt', 'pepper', 'dried thyme', 'oil', 'nonstick cooking spray']"
27188a55-046f-457b-b3cc-9b38abf8e219,2267,-2,abraham lincoln s   best cake i ever tasted    a white,"['granulated sugar', 'butter', 'vanilla', 'cake flour', 'baking powder', 'milk', 'almonds', 'egg whites', 'sugar', 'water', 'cream of tartar', 'salt']"
27188a55-046f-457b-b3cc-9b38abf8e219,28341,1,breaded steak  bistec empanizado,"['steaks', 'onion', 'garlic cloves', 'orange juice', 'dried oregano', 'peppercorn', 'paprika', 'salt', 'eggs', 'cracker meal', 'flour', 'olive oil']"
27188a55-046f-457b-b3cc-9b38abf8e219,147033,1,old fashioned pork chop  apple  and sweet potato pot,"['all-purpose flour', 'salt and pepper', 'pork loin chops', 'vegetable oil', 'sweet potatoes', 'light brown sugar', 'granny smith apples', 'apple cider']"
6e363511-9470-4fd6-8f20-bef5fc288379,90323,1,garlic loaf,"['butter', 'parsley', 'garlic powder', 'garlic salt', 'frozen bread dough']"
6e363511-9470-4fd6-8f20-bef5fc288379,43806,1,chicken coconut curry soup   a k a  easy mulligatawny,"['whole boneless skinless chicken breast', 'potatoes', 'carrots', 'onion', 'curry powder', 'gingerroot', 'garlic', 'ground cumin', 'chicken stock cubes', 'water', 'coconut milk', 'salt', 'fresh ground pepper']"
6e363511-9470-4fd6-8f20-bef5fc288379,41168,0,cherry almond butter cookies,"['butter', 'sugar', 'egg', 'vanilla', 'flour', 'baking powder', 'dried cherries', 'slivered almonds']"
6e363511-9470-4fd6-8f20-bef5fc288379,519,1,second only to my meatloaf  meatballs,"['ground beef', 'oatmeal', 'onion', 'egg', 'milk', 'salt', 'ketchup', 'vinegar', 'sugar', 'prepared mustard']"
6e363511-9470-4fd6-8f20-bef5fc288379,77465,1,easy pasta lasagna,"['rigatoni pasta', 'eggs', 'ricotta cheese', 'parmesan cheese', 'minced garlic cloves', 'oregano', 'salt & pepper', 'pasta sauce', 'diced tomatoes', 'sour cream', 'mozzarella cheese']"
6e363511-9470-4fd6-8f20-bef5fc288379,28383,1,breakfast  pizza   somersize,"['bulk sausage', 'cheddar cheese', 'eggs', 'diced tomato', 'fresh mushrooms']"
6e363511-9470-4fd6-8f20-bef5fc288379,90229,1,garlic fries  light,"['canola oil', 'salt', 'baking potatoes', 'cooking spray', 'butter', 'garlic cloves', 'fresh parsley', 'parmesan cheese']"
6e363511-9470-4fd6-8f20-bef5fc288379,74532,0,easter deviled eggs,"['hard-cooked eggs', 'cream cheese', 'dijon mustard', 'mayonnaise', 'white vinegar', 'sea salt', 'fresh ground pepper', 'fresh dill weed', 'paprika']"
6e363511-9470-4fd6-8f20-bef5fc288379,13949,0,baked corn  like a corn casserole  but no cheese or sour cream,"['eggs', 'creamed corn', 'sugar', 'club crackers', 'salt', 'milk', 'butter']"
6e363511-9470-4fd6-8f20-bef5fc288379,89204,0,fudge filled chocolate chip thumbprints,"['butter', 'salt', 'vanilla extract', 'brown sugar', 'all-purpose flour', 'semisweet mini chocolate chips', 'milk', ""confectioners' sugar"", 'semisweet chocolate piece', 'shortening', 'white corn syrup', 'water']"
6e363511-9470-4fd6-8f20-bef5fc288379,62708,1,creamy chicken  spinach and tortellini soup,"['olive oil', 'sweet onion', 'carrots', 'garlic clove', 'bay leaf', 'poultry seasoning', 'herbes de provence', 'red chili pepper flakes', 'cinnamon', 'nutmeg', 'salt and pepper', 'tortellini', 'chicken stock', 'chicken bouillon', 'reduced-fat cream of chicken soup', 'frozen chopped spinach', 'cooked chicken breast', 'nonfat milk']"
6e363511-9470-4fd6-8f20-bef5fc288379,96003,-1,gravy peas,"['peas', 'margarine', 'flour', '2% low-fat milk', 'salt', 'pepper']"
6e363511-9470-4fd6-8f20-bef5fc288379,103024,0,hazelnut chip scones,"['flour', 'sugar', 'baking powder', 'salt', 'cream of tartar', 'butter', 'egg', 'hazelnut-flavored liquid coffee creamer', 'semi-sweet chocolate chips', 'brown sugar', 'ground cinnamon', 'ground allspice', 'ground nutmeg']"
6e363511-9470-4fd6-8f20-bef5fc288379,45008,1,chicken oreganata with lime,"['fresh oregano', 'lime zest', 'ground cumin', 'garlic cloves', 'fresh ground black pepper', 'chicken breasts', 'extra virgin olive oil', 'salt', 'flour', 'chicken broth', 'tequila', 'fresh lime juice']"
6e363511-9470-4fd6-8f20-bef5fc288379,17596,1,barbecue hamburger patties,"['beef', 'onion', 'salt', 'catsup', 'chili sauce', 'brown sugar', 'lemon juice']"
6e363511-9470-4fd6-8f20-bef5fc288379,15414,0,baked tofu with mushroom gravy,"['soft silken tofu', 'butter', 'white onions', 'white button mushrooms', 'flour', 'low-fat milk', 'low-fat plain yogurt', 'salt', 'pepper', 'dried thyme', 'oil', 'nonstick cooking spray']"
6e363511-9470-4fd6-8f20-bef5fc288379,2267,0,abraham lincoln s   best cake i ever tasted    a white,"['granulated sugar', 'butter', 'vanilla', 'cake flour', 'baking powder', 'milk', 'almonds', 'egg whites', 'sugar', 'water', 'cream of tartar', 'salt']"
6e363511-9470-4fd6-8f20-bef5fc288379,121586,1,lemon fluff ice cream,"['heavy cream', 'sugar', 'fresh lemon juice', 'sliced almonds', 'lemon zest', 'vanilla flavoring', 'almond flavoring']"
6e363511-9470-4fd6-8f20-bef5fc288379,79309,-1,eggnog candy bread,"['cooking oil', 'eggs', 'granulated sugar', 'rum flavoring', 'vanilla', 'eggnog', 'all-purpose flour', 'baking powder', 'salt', 'hard candies']"
6e363511-9470-4fd6-8f20-bef5fc288379,94211,1,good old diner meatloaf,"['ground chuck', 'ground pork', 'beef broth', 'yellow onion', 'breadcrumbs', 'garlic cloves', 'worcestershire sauce', 'egg', 'olive oil', 'salt', 'pepper', 'dried oregano', 'ketchup', 'brown sugar']"
c61833df-d331-47bd-8f2f-6442e7a0bc28,90323,1,garlic loaf,"['butter', 'parsley', 'garlic powder', 'garlic salt', 'frozen bread dough']"
c61833df-d331-47bd-8f2f-6442e7a0bc28,43806,1,chicken coconut curry soup   a k a  easy mulligatawny,"['whole boneless skinless chicken breast', 'potatoes', 'carrots', 'onion', 'curry powder', 'gingerroot', 'garlic', 'ground cumin', 'chicken stock cubes', 'water', 'coconut milk', 'salt', 'fresh ground pepper']"
c61833df-d331-47bd-8f2f-6442e7a0bc28,41168,-1,cherry almond butter cookies,"['butter', 'sugar', 'egg', 'vanilla', 'flour', 'baking powder', 'dried cherries', 'slivered almonds']"
c61833df-d331-47bd-8f2f-6442e7a0bc28,519,1,second only to my meatloaf  meatballs,"['ground beef', 'oatmeal', 'onion', 'egg', 'milk', 'salt', 'ketchup', 'vinegar', 'sugar', 'prepared mustard']"
c61833df-d331-47bd-8f2f-6442e7a0bc28,77465,1,easy pasta lasagna,"['rigatoni pasta', 'eggs', 'ricotta cheese', 'parmesan cheese', 'minced garlic cloves', 'oregano', 'salt & pepper', 'pasta sauce', 'diced tomatoes', 'sour cream', 'mozzarella cheese']"
c61833df-d331-47bd-8f2f-6442e7a0bc28,28383,0,breakfast  pizza   somersize,"['bulk sausage', 'cheddar cheese', 'eggs', 'diced tomato', 'fresh mushrooms']"
c61833df-d331-47bd-8f2f-6442e7a0bc28,90229,1,garlic fries  light,"['canola oil', 'salt', 'baking potatoes', 'cooking spray', 'butter', 'garlic cloves', 'fresh parsley', 'parmesan cheese']"
c61833df-d331-47bd-8f2f-6442e7a0bc28,13949,0,baked corn  like a corn casserole  but no cheese or sour cream,"['eggs', 'creamed corn', 'sugar', 'club crackers', 'salt', 'milk', 'butter']"
c61833df-d331-47bd-8f2f-6442e7a0bc28,74532,0,easter deviled eggs,"['hard-cooked eggs', 'cream cheese', 'dijon mustard', 'mayonnaise', 'white vinegar', 'sea salt', 'fresh ground pepper', 'fresh dill weed', 'paprika']"
c61833df-d331-47bd-8f2f-6442e7a0bc28,17596,2,barbecue hamburger patties,"['beef', 'onion', 'salt', 'catsup', 'chili sauce', 'brown sugar', 'lemon juice']"
c61833df-d331-47bd-8f2f-6442e7a0bc28,45008,2,chicken oreganata with lime,"['fresh oregano', 'lime zest', 'ground cumin', 'garlic cloves', 'fresh ground black pepper', 'chicken breasts', 'extra virgin olive oil', 'salt', 'flour', 'chicken broth', 'tequila', 'fresh lime juice']"
c61833df-d331-47bd-8f2f-6442e7a0bc28,96003,-1,gravy peas,"['peas', 'margarine', 'flour', '2% low-fat milk', 'salt', 'pepper']"
c61833df-d331-47bd-8f2f-6442e7a0bc28,62708,1,creamy chicken  spinach and tortellini soup,"['olive oil', 'sweet onion', 'carrots', 'garlic clove', 'bay leaf', 'poultry seasoning', 'herbes de provence', 'red chili pepper flakes', 'cinnamon', 'nutmeg', 'salt and pepper', 'tortellini', 'chicken stock', 'chicken bouillon', 'reduced-fat cream of chicken soup', 'frozen chopped spinach', 'cooked chicken breast', 'nonfat milk']"
c61833df-d331-47bd-8f2f-6442e7a0bc28,103024,-1,hazelnut chip scones,"['flour', 'sugar', 'baking powder', 'salt', 'cream of tartar', 'butter', 'egg', 'hazelnut-flavored liquid coffee creamer', 'semi-sweet chocolate chips', 'brown sugar', 'ground cinnamon', 'ground allspice', 'ground nutmeg']"
c61833df-d331-47bd-8f2f-6442e7a0bc28,89204,0,fudge filled chocolate chip thumbprints,"['butter', 'salt', 'vanilla extract', 'brown sugar', 'all-purpose flour', 'semisweet mini chocolate chips', 'milk', ""confectioners' sugar"", 'semisweet chocolate piece', 'shortening', 'white corn syrup', 'water']"
c61833df-d331-47bd-8f2f-6442e7a0bc28,2267,-1,abraham lincoln s   best cake i ever tasted    a white,"['granulated sugar', 'butter', 'vanilla', 'cake flour', 'baking powder', 'milk', 'almonds', 'egg whites', 'sugar', 'water', 'cream of tartar', 'salt']"
c61833df-d331-47bd-8f2f-6442e7a0bc28,15414,-1,baked tofu with mushroom gravy,"['soft silken tofu', 'butter', 'white onions', 'white button mushrooms', 'flour', 'low-fat milk', 'low-fat plain yogurt', 'salt', 'pepper', 'dried thyme', 'oil', 'nonstick cooking spray']"
c61833df-d331-47bd-8f2f-6442e7a0bc28,28341,1,breaded steak  bistec empanizado,"['steaks', 'onion', 'garlic cloves', 'orange juice', 'dried oregano', 'peppercorn', 'paprika', 'salt', 'eggs', 'cracker meal', 'flour', 'olive oil']"
c61833df-d331-47bd-8f2f-6442e7a0bc28,121586,1,lemon fluff ice cream,"['heavy cream', 'sugar', 'fresh lemon juice', 'sliced almonds', 'lemon zest', 'vanilla flavoring', 'almond flavoring']"
c61833df-d331-47bd-8f2f-6442e7a0bc28,79309,-1,eggnog candy bread,"['cooking oil', 'eggs', 'granulated sugar', 'rum flavoring', 'vanilla', 'eggnog', 'all-purpose flour', 'baking powder', 'salt', 'hard candies']"
d5be47d1-a884-408d-b852-a2c9e96a0f27,90323,1,garlic loaf,"['butter', 'parsley', 'garlic powder', 'garlic salt', 'frozen bread dough']"
d5be47d1-a884-408d-b852-a2c9e96a0f27,43806,2,chicken coconut curry soup   a k a  easy mulligatawny,"['whole boneless skinless chicken breast', 'potatoes', 'carrots', 'onion', 'curry powder', 'gingerroot', 'garlic', 'ground cumin', 'chicken stock cubes', 'water', 'coconut milk', 'salt', 'fresh ground pepper']"
d5be47d1-a884-408d-b852-a2c9e96a0f27,41168,1,cherry almond butter cookies,"['butter', 'sugar', 'egg', 'vanilla', 'flour', 'baking powder', 'dried cherries', 'slivered almonds']"
d5be47d1-a884-408d-b852-a2c9e96a0f27,519,1,second only to my meatloaf  meatballs,"['ground beef', 'oatmeal', 'onion', 'egg', 'milk', 'salt', 'ketchup', 'vinegar', 'sugar', 'prepared mustard']"
d5be47d1-a884-408d-b852-a2c9e96a0f27,77465,2,easy pasta lasagna,"['rigatoni pasta', 'eggs', 'ricotta cheese', 'parmesan cheese', 'minced garlic cloves', 'oregano', 'salt & pepper', 'pasta sauce', 'diced tomatoes', 'sour cream', 'mozzarella cheese']"
d5be47d1-a884-408d-b852-a2c9e96a0f27,90229,1,garlic fries  light,"['canola oil', 'salt', 'baking potatoes', 'cooking spray', 'butter', 'garlic cloves', 'fresh parsley', 'parmesan cheese']"
d5be47d1-a884-408d-b852-a2c9e96a0f27,28383,1,breakfast  pizza   somersize,"['bulk sausage', 'cheddar cheese', 'eggs', 'diced tomato', 'fresh mushrooms']"
d5be47d1-a884-408d-b852-a2c9e96a0f27,74532,0,easter deviled eggs,"['hard-cooked eggs', 'cream cheese', 'dijon mustard', 'mayonnaise', 'white vinegar', 'sea salt', 'fresh ground pepper', 'fresh dill weed', 'paprika']"
d5be47d1-a884-408d-b852-a2c9e96a0f27,13949,-1,baked corn  like a corn casserole  but no cheese or sour cream,"['eggs', 'creamed corn', 'sugar', 'club crackers', 'salt', 'milk', 'butter']"
d5be47d1-a884-408d-b852-a2c9e96a0f27,89204,1,fudge filled chocolate chip thumbprints,"['butter', 'salt', 'vanilla extract', 'brown sugar', 'all-purpose flour', 'semisweet mini chocolate chips', 'milk', ""confectioners' sugar"", 'semisweet chocolate piece', 'shortening', 'white corn syrup', 'water']"
d5be47d1-a884-408d-b852-a2c9e96a0f27,96003,-1,gravy peas,"['peas', 'margarine', 'flour', '2% low-fat milk', 'salt', 'pepper']"
d5be47d1-a884-408d-b852-a2c9e96a0f27,45008,2,chicken oreganata with lime,"['fresh oregano', 'lime zest', 'ground cumin', 'garlic cloves', 'fresh ground black pepper', 'chicken breasts', 'extra virgin olive oil', 'salt', 'flour', 'chicken broth', 'tequila', 'fresh lime juice']"
d5be47d1-a884-408d-b852-a2c9e96a0f27,2267,1,abraham lincoln s   best cake i ever tasted    a white,"['granulated sugar', 'butter', 'vanilla', 'cake flour', 'baking powder', 'milk', 'almonds', 'egg whites', 'sugar', 'water', 'cream of tartar', 'salt']"
d5be47d1-a884-408d-b852-a2c9e96a0f27,63355,0,creamy mocha drink,"['splenda granular', 'baking cocoa', 'instant coffee granules', 'boiling water', '2% low-fat milk', 'vanilla extract', 'no-sugar-added reduced-fat vanilla ice cream', 'whipped topping', 'ground cinnamon']"
d5be47d1-a884-408d-b852-a2c9e96a0f27,15414,-1,baked tofu with mushroom gravy,"['soft silken tofu', 'butter', 'white onions', 'white button mushrooms', 'flour', 'low-fat milk', 'low-fat plain yogurt', 'salt', 'pepper', 'dried thyme', 'oil', 'nonstick cooking spray']"
d5be47d1-a884-408d-b852-a2c9e96a0f27,41934,0,chewy gingerbread molasses cookies,"['margarine', 'sugar', 'molasses', 'water', 'flour', 'baking soda', 'ginger', 'cinnamon', 'allspice']"
d5be47d1-a884-408d-b852-a2c9e96a0f27,62708,1,creamy chicken  spinach and tortellini soup,"['olive oil', 'sweet onion', 'carrots', 'garlic clove', 'bay leaf', 'poultry seasoning', 'herbes de provence', 'red chili pepper flakes', 'cinnamon', 'nutmeg', 'salt and pepper', 'tortellini', 'chicken stock', 'chicken bouillon', 'reduced-fat cream of chicken soup', 'frozen chopped spinach', 'cooked chicken breast', 'nonfat milk']"
d5be47d1-a884-408d-b852-a2c9e96a0f27,103024,0,hazelnut chip scones,"['flour', 'sugar', 'baking powder', 'salt', 'cream of tartar', 'butter', 'egg', 'hazelnut-flavored liquid coffee creamer', 'semi-sweet chocolate chips', 'brown sugar', 'ground cinnamon', 'ground allspice', 'ground nutmeg']"
d5be47d1-a884-408d-b852-a2c9e96a0f27,17596,1,barbecue hamburger patties,"['beef', 'onion', 'salt', 'catsup', 'chili sauce', 'brown sugar', 'lemon juice']"
d5be47d1-a884-408d-b852-a2c9e96a0f27,121586,1,lemon fluff ice cream,"['heavy cream', 'sugar', 'fresh lemon juice', 'sliced almonds', 'lemon zest', 'vanilla flavoring', 'almond flavoring']"
c8f9c91d-e92d-4601-96a6-2055b3221c63,90323,1,garlic loaf,"['butter', 'parsley', 'garlic powder', 'garlic salt', 'frozen bread dough']"
c8f9c91d-e92d-4601-96a6-2055b3221c63,43806,2,chicken coconut curry soup   a k a  easy mulligatawny,"['whole boneless skinless chicken breast', 'potatoes', 'carrots', 'onion', 'curry powder', 'gingerroot', 'garlic', 'ground cumin', 'chicken stock cubes', 'water', 'coconut milk', 'salt', 'fresh ground pepper']"
c8f9c91d-e92d-4601-96a6-2055b3221c63,41168,0,cherry almond butter cookies,"['butter', 'sugar', 'egg', 'vanilla', 'flour', 'baking powder', 'dried cherries', 'slivered almonds']"
c8f9c91d-e92d-4601-96a6-2055b3221c63,519,1,second only to my meatloaf  meatballs,"['ground beef', 'oatmeal', 'onion', 'egg', 'milk', 'salt', 'ketchup', 'vinegar', 'sugar', 'prepared mustard']"
c8f9c91d-e92d-4601-96a6-2055b3221c63,77465,1,easy pasta lasagna,"['rigatoni pasta', 'eggs', 'ricotta cheese', 'parmesan cheese', 'minced garlic cloves', 'oregano', 'salt & pepper', 'pasta sauce', 'diced tomatoes', 'sour cream', 'mozzarella cheese']"
c8f9c91d-e92d-4601-96a6-2055b3221c63,90229,1,garlic fries  light,"['canola oil', 'salt', 'baking potatoes', 'cooking spray', 'butter', 'garlic cloves', 'fresh parsley', 'parmesan cheese']"
c8f9c91d-e92d-4601-96a6-2055b3221c63,28383,0,breakfast  pizza   somersize,"['bulk sausage', 'cheddar cheese', 'eggs', 'diced tomato', 'fresh mushrooms']"
c8f9c91d-e92d-4601-96a6-2055b3221c63,74532,0,easter deviled eggs,"['hard-cooked eggs', 'cream cheese', 'dijon mustard', 'mayonnaise', 'white vinegar', 'sea salt', 'fresh ground pepper', 'fresh dill weed', 'paprika']"
c8f9c91d-e92d-4601-96a6-2055b3221c63,13949,-1,baked corn  like a corn casserole  but no cheese or sour cream,"['eggs', 'creamed corn', 'sugar', 'club crackers', 'salt', 'milk', 'butter']"
c8f9c91d-e92d-4601-96a6-2055b3221c63,17596,1,barbecue hamburger patties,"['beef', 'onion', 'salt', 'catsup', 'chili sauce', 'brown sugar', 'lemon juice']"
c8f9c91d-e92d-4601-96a6-2055b3221c63,62708,1,creamy chicken  spinach and tortellini soup,"['olive oil', 'sweet onion', 'carrots', 'garlic clove', 'bay leaf', 'poultry seasoning', 'herbes de provence', 'red chili pepper flakes', 'cinnamon', 'nutmeg', 'salt and pepper', 'tortellini', 'chicken stock', 'chicken bouillon', 'reduced-fat cream of chicken soup', 'frozen chopped spinach', 'cooked chicken breast', 'nonfat milk']"
c8f9c91d-e92d-4601-96a6-2055b3221c63,45008,2,chicken oreganata with lime,"['fresh oregano', 'lime zest', 'ground cumin', 'garlic cloves', 'fresh ground black pepper', 'chicken breasts', 'extra virgin olive oil', 'salt', 'flour', 'chicken broth', 'tequila', 'fresh lime juice']"
c8f9c91d-e92d-4601-96a6-2055b3221c63,96003,0,gravy peas,"['peas', 'margarine', 'flour', '2% low-fat milk', 'salt', 'pepper']"
c8f9c91d-e92d-4601-96a6-2055b3221c63,103024,-1,hazelnut chip scones,"['flour', 'sugar', 'baking powder', 'salt', 'cream of tartar', 'butter', 'egg', 'hazelnut-flavored liquid coffee creamer', 'semi-sweet chocolate chips', 'brown sugar', 'ground cinnamon', 'ground allspice', 'ground nutmeg']"
c8f9c91d-e92d-4601-96a6-2055b3221c63,121586,1,lemon fluff ice cream,"['heavy cream', 'sugar', 'fresh lemon juice', 'sliced almonds', 'lemon zest', 'vanilla flavoring', 'almond flavoring']"
c8f9c91d-e92d-4601-96a6-2055b3221c63,15414,-1,baked tofu with mushroom gravy,"['soft silken tofu', 'butter', 'white onions', 'white button mushrooms', 'flour', 'low-fat milk', 'low-fat plain yogurt', 'salt', 'pepper', 'dried thyme', 'oil', 'nonstick cooking spray']"
c8f9c91d-e92d-4601-96a6-2055b3221c63,28341,1,breaded steak  bistec empanizado,"['steaks', 'onion', 'garlic cloves', 'orange juice', 'dried oregano', 'peppercorn', 'paprika', 'salt', 'eggs', 'cracker meal', 'flour', 'olive oil']"
c8f9c91d-e92d-4601-96a6-2055b3221c63,89204,0,fudge filled chocolate chip thumbprints,"['butter', 'salt', 'vanilla extract', 'brown sugar', 'all-purpose flour', 'semisweet mini chocolate chips', 'milk', ""confectioners' sugar"", 'semisweet chocolate piece', 'shortening', 'white corn syrup', 'water']"
c8f9c91d-e92d-4601-96a6-2055b3221c63,2267,0,abraham lincoln s   best cake i ever tasted    a white,"['granulated sugar', 'butter', 'vanilla', 'cake flour', 'baking powder', 'milk', 'almonds', 'egg whites', 'sugar', 'water', 'cream of tartar', 'salt']"
c8f9c91d-e92d-4601-96a6-2055b3221c63,95475,1,grandmas country soup 1965,"['fava beans', 'great northern bean', 'water', 'chicken stock', 'tomato paste', 'chili powder', 'cumin powder', 'onion', 'carrot', 'celery rib', 'savoy cabbage', 'frisee', 'salt', 'pepper', 'romano cheese', 'olive oil', 'spaghetti']"
437b19c2-7494-4dbd-9e36-fc6fe622089b,90323,1,garlic loaf,"['butter', 'parsley', 'garlic powder', 'garlic salt', 'frozen bread dough']"
437b19c2-7494-4dbd-9e36-fc6fe622089b,43806,1,chicken coconut curry soup   a k a  easy mulligatawny,"['whole boneless skinless chicken breast', 'potatoes', 'carrots', 'onion', 'curry powder', 'gingerroot', 'garlic', 'ground cumin', 'chicken stock cubes', 'water', 'coconut milk', 'salt', 'fresh ground pepper']"
437b19c2-7494-4dbd-9e36-fc6fe622089b,41168,1,cherry almond butter cookies,"['butter', 'sugar', 'egg', 'vanilla', 'flour', 'baking powder', 'dried cherries', 'slivered almonds']"
437b19c2-7494-4dbd-9e36-fc6fe622089b,519,0,second only to my meatloaf  meatballs,"['ground beef', 'oatmeal', 'onion', 'egg', 'milk', 'salt', 'ketchup', 'vinegar', 'sugar', 'prepared mustard']"
437b19c2-7494-4dbd-9e36-fc6fe622089b,90229,1,garlic fries  light,"['canola oil', 'salt', 'baking potatoes', 'cooking spray', 'butter', 'garlic cloves', 'fresh parsley', 'parmesan cheese']"
437b19c2-7494-4dbd-9e36-fc6fe622089b,77465,1,easy pasta lasagna,"['rigatoni pasta', 'eggs', 'ricotta cheese', 'parmesan cheese', 'minced garlic cloves', 'oregano', 'salt & pepper', 'pasta sauce', 'diced tomatoes', 'sour cream', 'mozzarella cheese']"
437b19c2-7494-4dbd-9e36-fc6fe622089b,28383,0,breakfast  pizza   somersize,"['bulk sausage', 'cheddar cheese', 'eggs', 'diced tomato', 'fresh mushrooms']"
437b19c2-7494-4dbd-9e36-fc6fe622089b,74532,0,easter deviled eggs,"['hard-cooked eggs', 'cream cheese', 'dijon mustard', 'mayonnaise', 'white vinegar', 'sea salt', 'fresh ground pepper', 'fresh dill weed', 'paprika']"
437b19c2-7494-4dbd-9e36-fc6fe622089b,13949,0,baked corn  like a corn casserole  but no cheese or sour cream,"['eggs', 'creamed corn', 'sugar', 'club crackers', 'salt', 'milk', 'butter']"
437b19c2-7494-4dbd-9e36-fc6fe622089b,103024,0,hazelnut chip scones,"['flour', 'sugar', 'baking powder', 'salt', 'cream of tartar', 'butter', 'egg', 'hazelnut-flavored liquid coffee creamer', 'semi-sweet chocolate chips', 'brown sugar', 'ground cinnamon', 'ground allspice', 'ground nutmeg']"
437b19c2-7494-4dbd-9e36-fc6fe622089b,45008,1,chicken oreganata with lime,"['fresh oregano', 'lime zest', 'ground cumin', 'garlic cloves', 'fresh ground black pepper', 'chicken breasts', 'extra virgin olive oil', 'salt', 'flour', 'chicken broth', 'tequila', 'fresh lime juice']"
437b19c2-7494-4dbd-9e36-fc6fe622089b,89204,1,fudge filled chocolate chip thumbprints,"['butter', 'salt', 'vanilla extract', 'brown sugar', 'all-purpose flour', 'semisweet mini chocolate chips', 'milk', ""confectioners' sugar"", 'semisweet chocolate piece', 'shortening', 'white corn syrup', 'water']"
437b19c2-7494-4dbd-9e36-fc6fe622089b,96003,-1,gravy peas,"['peas', 'margarine', 'flour', '2% low-fat milk', 'salt', 'pepper']"
437b19c2-7494-4dbd-9e36-fc6fe622089b,62708,1,creamy chicken  spinach and tortellini soup,"['olive oil', 'sweet onion', 'carrots', 'garlic clove', 'bay leaf', 'poultry seasoning', 'herbes de provence', 'red chili pepper flakes', 'cinnamon', 'nutmeg', 'salt and pepper', 'tortellini', 'chicken stock', 'chicken bouillon', 'reduced-fat cream of chicken soup', 'frozen chopped spinach', 'cooked chicken breast', 'nonfat milk']"
437b19c2-7494-4dbd-9e36-fc6fe622089b,2267,1,abraham lincoln s   best cake i ever tasted    a white,"['granulated sugar', 'butter', 'vanilla', 'cake flour', 'baking powder', 'milk', 'almonds', 'egg whites', 'sugar', 'water', 'cream of tartar', 'salt']"
437b19c2-7494-4dbd-9e36-fc6fe622089b,63355,0,creamy mocha drink,"['splenda granular', 'baking cocoa', 'instant coffee granules', 'boiling water', '2% low-fat milk', 'vanilla extract', 'no-sugar-added reduced-fat vanilla ice cream', 'whipped topping', 'ground cinnamon']"
437b19c2-7494-4dbd-9e36-fc6fe622089b,15414,-1,baked tofu with mushroom gravy,"['soft silken tofu', 'butter', 'white onions', 'white button mushrooms', 'flour', 'low-fat milk', 'low-fat plain yogurt', 'salt', 'pepper', 'dried thyme', 'oil', 'nonstick cooking spray']"
437b19c2-7494-4dbd-9e36-fc6fe622089b,17596,1,barbecue hamburger patties,"['beef', 'onion', 'salt', 'catsup', 'chili sauce', 'brown sugar', 'lemon juice']"
437b19c2-7494-4dbd-9e36-fc6fe622089b,121586,1,lemon fluff ice cream,"['heavy cream', 'sugar', 'fresh lemon juice', 'sliced almonds', 'lemon zest', 'vanilla flavoring', 'almond flavoring']"
437b19c2-7494-4dbd-9e36-fc6fe622089b,95475,1,grandmas country soup 1965,"['fava beans', 'great northern bean', 'water', 'chicken stock', 'tomato paste', 'chili powder', 'cumin powder', 'onion', 'carrot', 'celery rib', 'savoy cabbage', 'frisee', 'salt', 'pepper', 'romano cheese', 'olive oil', 'spaghetti']"
b26bbc84-778f-4625-8dd8-b821212b11d0,90323,1,garlic loaf,"['butter', 'parsley', 'garlic powder', 'garlic salt', 'frozen bread dough']"
b26bbc84-778f-4625-8dd8-b821212b11d0,43806,1,chicken coconut curry soup   a k a  easy mulligatawny,"['whole boneless skinless chicken breast', 'potatoes', 'carrots', 'onion', 'curry powder', 'gingerroot', 'garlic', 'ground cumin', 'chicken stock cubes', 'water', 'coconut milk', 'salt', 'fresh ground pepper']"
b26bbc84-778f-4625-8dd8-b821212b11d0,41168,-1,cherry almond butter cookies,"['butter', 'sugar', 'egg', 'vanilla', 'flour', 'baking powder', 'dried cherries', 'slivered almonds']"
b26bbc84-778f-4625-8dd8-b821212b11d0,519,1,second only to my meatloaf  meatballs,"['ground beef', 'oatmeal', 'onion', 'egg', 'milk', 'salt', 'ketchup', 'vinegar', 'sugar', 'prepared mustard']"
b26bbc84-778f-4625-8dd8-b821212b11d0,77465,1,easy pasta lasagna,"['rigatoni pasta', 'eggs', 'ricotta cheese', 'parmesan cheese', 'minced garlic cloves', 'oregano', 'salt & pepper', 'pasta sauce', 'diced tomatoes', 'sour cream', 'mozzarella cheese']"
b26bbc84-778f-4625-8dd8-b821212b11d0,28383,1,breakfast  pizza   somersize,"['bulk sausage', 'cheddar cheese', 'eggs', 'diced tomato', 'fresh mushrooms']"
b26bbc84-778f-4625-8dd8-b821212b11d0,90229,1,garlic fries  light,"['canola oil', 'salt', 'baking potatoes', 'cooking spray', 'butter', 'garlic cloves', 'fresh parsley', 'parmesan cheese']"
b26bbc84-778f-4625-8dd8-b821212b11d0,13949,0,baked corn  like a corn casserole  but no cheese or sour cream,"['eggs', 'creamed corn', 'sugar', 'club crackers', 'salt', 'milk', 'butter']"
b26bbc84-778f-4625-8dd8-b821212b11d0,45008,2,chicken oreganata with lime,"['fresh oregano', 'lime zest', 'ground cumin', 'garlic cloves', 'fresh ground black pepper', 'chicken breasts', 'extra virgin olive oil', 'salt', 'flour', 'chicken broth', 'tequila', 'fresh lime juice']"
b26bbc84-778f-4625-8dd8-b821212b11d0,74532,0,easter deviled eggs,"['hard-cooked eggs', 'cream cheese', 'dijon mustard', 'mayonnaise', 'white vinegar', 'sea salt', 'fresh ground pepper', 'fresh dill weed', 'paprika']"
b26bbc84-778f-4625-8dd8-b821212b11d0,89204,0,fudge filled chocolate chip thumbprints,"['butter', 'salt', 'vanilla extract', 'brown sugar', 'all-purpose flour', 'semisweet mini chocolate chips', 'milk', ""confectioners' sugar"", 'semisweet chocolate piece', 'shortening', 'white corn syrup', 'water']"
b26bbc84-778f-4625-8dd8-b821212b11d0,17596,1,barbecue hamburger patties,"['beef', 'onion', 'salt', 'catsup', 'chili sauce', 'brown sugar', 'lemon juice']"
b26bbc84-778f-4625-8dd8-b821212b11d0,96003,-1,gravy peas,"['peas', 'margarine', 'flour', '2% low-fat milk', 'salt', 'pepper']"
b26bbc84-778f-4625-8dd8-b821212b11d0,103024,-1,hazelnut chip scones,"['flour', 'sugar', 'baking powder', 'salt', 'cream of tartar', 'butter', 'egg', 'hazelnut-flavored liquid coffee creamer', 'semi-sweet chocolate chips', 'brown sugar', 'ground cinnamon', 'ground allspice', 'ground nutmeg']"
b26bbc84-778f-4625-8dd8-b821212b11d0,62708,1,creamy chicken  spinach and tortellini soup,"['olive oil', 'sweet onion', 'carrots', 'garlic clove', 'bay leaf', 'poultry seasoning', 'herbes de provence', 'red chili pepper flakes', 'cinnamon', 'nutmeg', 'salt and pepper', 'tortellini', 'chicken stock', 'chicken bouillon', 'reduced-fat cream of chicken soup', 'frozen chopped spinach', 'cooked chicken breast', 'nonfat milk']"
b26bbc84-778f-4625-8dd8-b821212b11d0,2267,-1,abraham lincoln s   best cake i ever tasted    a white,"['granulated sugar', 'butter', 'vanilla', 'cake flour', 'baking powder', 'milk', 'almonds', 'egg whites', 'sugar', 'water', 'cream of tartar', 'salt']"
b26bbc84-778f-4625-8dd8-b821212b11d0,15414,-1,baked tofu with mushroom gravy,"['soft silken tofu', 'butter', 'white onions', 'white button mushrooms', 'flour', 'low-fat milk', 'low-fat plain yogurt', 'salt', 'pepper', 'dried thyme', 'oil', 'nonstick cooking spray']"
b26bbc84-778f-4625-8dd8-b821212b11d0,121586,0,lemon fluff ice cream,"['heavy cream', 'sugar', 'fresh lemon juice', 'sliced almonds', 'lemon zest', 'vanilla flavoring', 'almond flavoring']"
b26bbc84-778f-4625-8dd8-b821212b11d0,94211,1,good old diner meatloaf,"['ground chuck', 'ground pork', 'beef broth', 'yellow onion', 'breadcrumbs', 'garlic cloves', 'worcestershire sauce', 'egg', 'olive oil', 'salt', 'pepper', 'dried oregano', 'ketchup', 'brown sugar']"
b26bbc84-778f-4625-8dd8-b821212b11d0,28943,1,brining the dry way  not as messy as wet brining,"['whole turkey', 'kosher salt', 'dried rosemary', 'sage', 'thyme', 'marjoram', 'celery seeds', 'bay leaves', 'fresh ground black pepper', 'lemon zest', 'szechuan peppercorns']"
