uuid,item_id,item_title,item_ingredients
8ba9549e-2542-49a6-8517-586e3926f939,149162,chewy gingerbread molasses cookies,"['margarine', 'sugar', 'molasses', 'water', 'flour', 'baking soda', 'ginger', 'cinnamon', 'allspice']"
8ba9549e-2542-49a6-8517-586e3926f939,318050,diet soda pop brownies,"['brownie mix', 'diet pepsi']"
8ba9549e-2542-49a6-8517-586e3926f939,164062,good old diner meatloaf,"['ground chuck', 'ground pork', 'beef broth', 'yellow onion', 'breadcrumbs', 'garlic cloves', 'worcestershire sauce', 'egg', 'olive oil', 'salt', 'pepper', 'dried oregano', 'ketchup', 'brown sugar']"
8ba9549e-2542-49a6-8517-586e3926f939,172212,creamy mocha drink,"['splenda granular', 'baking cocoa', 'instant coffee granules', 'boiling water', '2% low-fat milk', 'vanilla extract', 'no-sugar-added reduced-fat vanilla ice cream', 'whipped topping', 'ground cinnamon']"
8ba9549e-2542-49a6-8517-586e3926f939,193998,abraham lincoln s   best cake i ever tasted    a white,"['granulated sugar', 'butter', 'vanilla', 'cake flour', 'baking powder', 'milk', 'almonds', 'egg whites', 'sugar', 'water', 'cream of tartar', 'salt']"
8ba9549e-2542-49a6-8517-586e3926f939,384508,gravy peas,"['peas', 'margarine', 'flour', '2% low-fat milk', 'salt', 'pepper']"
e3205676-55e9-4704-bf1a-1b3e2ed1c305,318050,diet soda pop brownies,"['brownie mix', 'diet pepsi']"
e3205676-55e9-4704-bf1a-1b3e2ed1c305,164062,good old diner meatloaf,"['ground chuck', 'ground pork', 'beef broth', 'yellow onion', 'breadcrumbs', 'garlic cloves', 'worcestershire sauce', 'egg', 'olive oil', 'salt', 'pepper', 'dried oregano', 'ketchup', 'brown sugar']"
e3205676-55e9-4704-bf1a-1b3e2ed1c305,466724,creamy chicken  spinach and tortellini soup,"['olive oil', 'sweet onion', 'carrots', 'garlic clove', 'bay leaf', 'poultry seasoning', 'herbes de provence', 'red chili pepper flakes', 'cinnamon', 'nutmeg', 'salt and pepper', 'tortellini', 'chicken stock', 'chicken bouillon', 'reduced-fat cream of chicken soup', 'frozen chopped spinach', 'cooked chicken breast', 'nonfat milk']"
e3205676-55e9-4704-bf1a-1b3e2ed1c305,220440,easter deviled eggs,"['hard-cooked eggs', 'cream cheese', 'dijon mustard', 'mayonnaise', 'white vinegar', 'sea salt', 'fresh ground pepper', 'fresh dill weed', 'paprika']"
e3205676-55e9-4704-bf1a-1b3e2ed1c305,352281,chicken coconut curry soup   a k a  easy mulligatawny,"['whole boneless skinless chicken breast', 'potatoes', 'carrots', 'onion', 'curry powder', 'gingerroot', 'garlic', 'ground cumin', 'chicken stock cubes', 'water', 'coconut milk', 'salt', 'fresh ground pepper']"
e3205676-55e9-4704-bf1a-1b3e2ed1c305,51836,easy pasta lasagna,"['rigatoni pasta', 'eggs', 'ricotta cheese', 'parmesan cheese', 'minced garlic cloves', 'oregano', 'salt & pepper', 'pasta sauce', 'diced tomatoes', 'sour cream', 'mozzarella cheese']"
e3205676-55e9-4704-bf1a-1b3e2ed1c305,8054,barbecue hamburger patties,"['beef', 'onion', 'salt', 'catsup', 'chili sauce', 'brown sugar', 'lemon juice']"
e3205676-55e9-4704-bf1a-1b3e2ed1c305,415374,garlic loaf,"['butter', 'parsley', 'garlic powder', 'garlic salt', 'frozen bread dough']"
63d40588-5757-4393-9248-484b4a6f2720,318050,diet soda pop brownies,"['brownie mix', 'diet pepsi']"
63d40588-5757-4393-9248-484b4a6f2720,164062,good old diner meatloaf,"['ground chuck', 'ground pork', 'beef broth', 'yellow onion', 'breadcrumbs', 'garlic cloves', 'worcestershire sauce', 'egg', 'olive oil', 'salt', 'pepper', 'dried oregano', 'ketchup', 'brown sugar']"
63d40588-5757-4393-9248-484b4a6f2720,134451,hazelnut chip scones,"['flour', 'sugar', 'baking powder', 'salt', 'cream of tartar', 'butter', 'egg', 'hazelnut-flavored liquid coffee creamer', 'semi-sweet chocolate chips', 'brown sugar', 'ground cinnamon', 'ground allspice', 'ground nutmeg']"
63d40588-5757-4393-9248-484b4a6f2720,148527,breaded steak  bistec empanizado,"['steaks', 'onion', 'garlic cloves', 'orange juice', 'dried oregano', 'peppercorn', 'paprika', 'salt', 'eggs', 'cracker meal', 'flour', 'olive oil']"
63d40588-5757-4393-9248-484b4a6f2720,172212,creamy mocha drink,"['splenda granular', 'baking cocoa', 'instant coffee granules', 'boiling water', '2% low-fat milk', 'vanilla extract', 'no-sugar-added reduced-fat vanilla ice cream', 'whipped topping', 'ground cinnamon']"
63d40588-5757-4393-9248-484b4a6f2720,116529,fudge filled chocolate chip thumbprints,"['butter', 'salt', 'vanilla extract', 'brown sugar', 'all-purpose flour', 'semisweet mini chocolate chips', 'milk', ""confectioners' sugar"", 'semisweet chocolate piece', 'shortening', 'white corn syrup', 'water']"
63d40588-5757-4393-9248-484b4a6f2720,8054,barbecue hamburger patties,"['beef', 'onion', 'salt', 'catsup', 'chili sauce', 'brown sugar', 'lemon juice']"
63d40588-5757-4393-9248-484b4a6f2720,415374,garlic loaf,"['butter', 'parsley', 'garlic powder', 'garlic salt', 'frozen bread dough']"
6d9b9524-0df7-4f96-ac35-371e2f8a6d6f,149162,chewy gingerbread molasses cookies,"['margarine', 'sugar', 'molasses', 'water', 'flour', 'baking soda', 'ginger', 'cinnamon', 'allspice']"
6d9b9524-0df7-4f96-ac35-371e2f8a6d6f,81413,grandmas country soup 1965,"['fava beans', 'great northern bean', 'water', 'chicken stock', 'tomato paste', 'chili powder', 'cumin powder', 'onion', 'carrot', 'celery rib', 'savoy cabbage', 'frisee', 'salt', 'pepper', 'romano cheese', 'olive oil', 'spaghetti']"
6d9b9524-0df7-4f96-ac35-371e2f8a6d6f,163427,baked tofu with mushroom gravy,"['soft silken tofu', 'butter', 'white onions', 'white button mushrooms', 'flour', 'low-fat milk', 'low-fat plain yogurt', 'salt', 'pepper', 'dried thyme', 'oil', 'nonstick cooking spray']"
6d9b9524-0df7-4f96-ac35-371e2f8a6d6f,193998,abraham lincoln s   best cake i ever tasted    a white,"['granulated sugar', 'butter', 'vanilla', 'cake flour', 'baking powder', 'milk', 'almonds', 'egg whites', 'sugar', 'water', 'cream of tartar', 'salt']"
6d9b9524-0df7-4f96-ac35-371e2f8a6d6f,148527,breaded steak  bistec empanizado,"['steaks', 'onion', 'garlic cloves', 'orange juice', 'dried oregano', 'peppercorn', 'paprika', 'salt', 'eggs', 'cracker meal', 'flour', 'olive oil']"
6d9b9524-0df7-4f96-ac35-371e2f8a6d6f,248074,garlic fries  light,"['canola oil', 'salt', 'baking potatoes', 'cooking spray', 'butter', 'garlic cloves', 'fresh parsley', 'parmesan cheese']"
6d9b9524-0df7-4f96-ac35-371e2f8a6d6f,336852,baked corn  like a corn casserole  but no cheese or sour cream,"['eggs', 'creamed corn', 'sugar', 'club crackers', 'salt', 'milk', 'butter']"
22e55d5c-1cfe-478a-a870-d21301ba063d,318050,diet soda pop brownies,"['brownie mix', 'diet pepsi']"
22e55d5c-1cfe-478a-a870-d21301ba063d,164062,good old diner meatloaf,"['ground chuck', 'ground pork', 'beef broth', 'yellow onion', 'breadcrumbs', 'garlic cloves', 'worcestershire sauce', 'egg', 'olive oil', 'salt', 'pepper', 'dried oregano', 'ketchup', 'brown sugar']"
22e55d5c-1cfe-478a-a870-d21301ba063d,466724,creamy chicken  spinach and tortellini soup,"['olive oil', 'sweet onion', 'carrots', 'garlic clove', 'bay leaf', 'poultry seasoning', 'herbes de provence', 'red chili pepper flakes', 'cinnamon', 'nutmeg', 'salt and pepper', 'tortellini', 'chicken stock', 'chicken bouillon', 'reduced-fat cream of chicken soup', 'frozen chopped spinach', 'cooked chicken breast', 'nonfat milk']"
22e55d5c-1cfe-478a-a870-d21301ba063d,220440,easter deviled eggs,"['hard-cooked eggs', 'cream cheese', 'dijon mustard', 'mayonnaise', 'white vinegar', 'sea salt', 'fresh ground pepper', 'fresh dill weed', 'paprika']"
22e55d5c-1cfe-478a-a870-d21301ba063d,418161,chicken oreganata with lime,"['fresh oregano', 'lime zest', 'ground cumin', 'garlic cloves', 'fresh ground black pepper', 'chicken breasts', 'extra virgin olive oil', 'salt', 'flour', 'chicken broth', 'tequila', 'fresh lime juice']"
22e55d5c-1cfe-478a-a870-d21301ba063d,148527,breaded steak  bistec empanizado,"['steaks', 'onion', 'garlic cloves', 'orange juice', 'dried oregano', 'peppercorn', 'paprika', 'salt', 'eggs', 'cracker meal', 'flour', 'olive oil']"
22e55d5c-1cfe-478a-a870-d21301ba063d,352281,chicken coconut curry soup   a k a  easy mulligatawny,"['whole boneless skinless chicken breast', 'potatoes', 'carrots', 'onion', 'curry powder', 'gingerroot', 'garlic', 'ground cumin', 'chicken stock cubes', 'water', 'coconut milk', 'salt', 'fresh ground pepper']"
5a4ea089-3c4e-473d-bb3b-9cfb6d585afa,149162,chewy gingerbread molasses cookies,"['margarine', 'sugar', 'molasses', 'water', 'flour', 'baking soda', 'ginger', 'cinnamon', 'allspice']"
5a4ea089-3c4e-473d-bb3b-9cfb6d585afa,318050,diet soda pop brownies,"['brownie mix', 'diet pepsi']"
5a4ea089-3c4e-473d-bb3b-9cfb6d585afa,172212,creamy mocha drink,"['splenda granular', 'baking cocoa', 'instant coffee granules', 'boiling water', '2% low-fat milk', 'vanilla extract', 'no-sugar-added reduced-fat vanilla ice cream', 'whipped topping', 'ground cinnamon']"
5a4ea089-3c4e-473d-bb3b-9cfb6d585afa,134451,hazelnut chip scones,"['flour', 'sugar', 'baking powder', 'salt', 'cream of tartar', 'butter', 'egg', 'hazelnut-flavored liquid coffee creamer', 'semi-sweet chocolate chips', 'brown sugar', 'ground cinnamon', 'ground allspice', 'ground nutmeg']"
5a4ea089-3c4e-473d-bb3b-9cfb6d585afa,220440,easter deviled eggs,"['hard-cooked eggs', 'cream cheese', 'dijon mustard', 'mayonnaise', 'white vinegar', 'sea salt', 'fresh ground pepper', 'fresh dill weed', 'paprika']"
5a4ea089-3c4e-473d-bb3b-9cfb6d585afa,418161,chicken oreganata with lime,"['fresh oregano', 'lime zest', 'ground cumin', 'garlic cloves', 'fresh ground black pepper', 'chicken breasts', 'extra virgin olive oil', 'salt', 'flour', 'chicken broth', 'tequila', 'fresh lime juice']"
5a4ea089-3c4e-473d-bb3b-9cfb6d585afa,352281,chicken coconut curry soup   a k a  easy mulligatawny,"['whole boneless skinless chicken breast', 'potatoes', 'carrots', 'onion', 'curry powder', 'gingerroot', 'garlic', 'ground cumin', 'chicken stock cubes', 'water', 'coconut milk', 'salt', 'fresh ground pepper']"
f2eb0092-5cf4-4644-a5a8-dc5e70b33874,149162,chewy gingerbread molasses cookies,"['margarine', 'sugar', 'molasses', 'water', 'flour', 'baking soda', 'ginger', 'cinnamon', 'allspice']"
f2eb0092-5cf4-4644-a5a8-dc5e70b33874,318050,diet soda pop brownies,"['brownie mix', 'diet pepsi']"
f2eb0092-5cf4-4644-a5a8-dc5e70b33874,81413,grandmas country soup 1965,"['fava beans', 'great northern bean', 'water', 'chicken stock', 'tomato paste', 'chili powder', 'cumin powder', 'onion', 'carrot', 'celery rib', 'savoy cabbage', 'frisee', 'salt', 'pepper', 'romano cheese', 'olive oil', 'spaghetti']"
f2eb0092-5cf4-4644-a5a8-dc5e70b33874,172212,creamy mocha drink,"['splenda granular', 'baking cocoa', 'instant coffee granules', 'boiling water', '2% low-fat milk', 'vanilla extract', 'no-sugar-added reduced-fat vanilla ice cream', 'whipped topping', 'ground cinnamon']"
f2eb0092-5cf4-4644-a5a8-dc5e70b33874,220440,easter deviled eggs,"['hard-cooked eggs', 'cream cheese', 'dijon mustard', 'mayonnaise', 'white vinegar', 'sea salt', 'fresh ground pepper', 'fresh dill weed', 'paprika']"
f2eb0092-5cf4-4644-a5a8-dc5e70b33874,198802,cherry almond butter cookies,"['butter', 'sugar', 'egg', 'vanilla', 'flour', 'baking powder', 'dried cherries', 'slivered almonds']"
5613974e-43bf-4eb5-ba91-967f40af203a,149162,chewy gingerbread molasses cookies,"['margarine', 'sugar', 'molasses', 'water', 'flour', 'baking soda', 'ginger', 'cinnamon', 'allspice']"
5613974e-43bf-4eb5-ba91-967f40af203a,81413,grandmas country soup 1965,"['fava beans', 'great northern bean', 'water', 'chicken stock', 'tomato paste', 'chili powder', 'cumin powder', 'onion', 'carrot', 'celery rib', 'savoy cabbage', 'frisee', 'salt', 'pepper', 'romano cheese', 'olive oil', 'spaghetti']"
5613974e-43bf-4eb5-ba91-967f40af203a,163427,baked tofu with mushroom gravy,"['soft silken tofu', 'butter', 'white onions', 'white button mushrooms', 'flour', 'low-fat milk', 'low-fat plain yogurt', 'salt', 'pepper', 'dried thyme', 'oil', 'nonstick cooking spray']"
5613974e-43bf-4eb5-ba91-967f40af203a,193998,abraham lincoln s   best cake i ever tasted    a white,"['granulated sugar', 'butter', 'vanilla', 'cake flour', 'baking powder', 'milk', 'almonds', 'egg whites', 'sugar', 'water', 'cream of tartar', 'salt']"
5613974e-43bf-4eb5-ba91-967f40af203a,248074,garlic fries  light,"['canola oil', 'salt', 'baking potatoes', 'cooking spray', 'butter', 'garlic cloves', 'fresh parsley', 'parmesan cheese']"
5613974e-43bf-4eb5-ba91-967f40af203a,384508,gravy peas,"['peas', 'margarine', 'flour', '2% low-fat milk', 'salt', 'pepper']"
2ae8f031-6486-4e31-aa8a-e6f7a39c02b2,149162,chewy gingerbread molasses cookies,"['margarine', 'sugar', 'molasses', 'water', 'flour', 'baking soda', 'ginger', 'cinnamon', 'allspice']"
2ae8f031-6486-4e31-aa8a-e6f7a39c02b2,172212,creamy mocha drink,"['splenda granular', 'baking cocoa', 'instant coffee granules', 'boiling water', '2% low-fat milk', 'vanilla extract', 'no-sugar-added reduced-fat vanilla ice cream', 'whipped topping', 'ground cinnamon']"
2ae8f031-6486-4e31-aa8a-e6f7a39c02b2,134451,hazelnut chip scones,"['flour', 'sugar', 'baking powder', 'salt', 'cream of tartar', 'butter', 'egg', 'hazelnut-flavored liquid coffee creamer', 'semi-sweet chocolate chips', 'brown sugar', 'ground cinnamon', 'ground allspice', 'ground nutmeg']"
2ae8f031-6486-4e31-aa8a-e6f7a39c02b2,163427,baked tofu with mushroom gravy,"['soft silken tofu', 'butter', 'white onions', 'white button mushrooms', 'flour', 'low-fat milk', 'low-fat plain yogurt', 'salt', 'pepper', 'dried thyme', 'oil', 'nonstick cooking spray']"
2ae8f031-6486-4e31-aa8a-e6f7a39c02b2,193998,abraham lincoln s   best cake i ever tasted    a white,"['granulated sugar', 'butter', 'vanilla', 'cake flour', 'baking powder', 'milk', 'almonds', 'egg whites', 'sugar', 'water', 'cream of tartar', 'salt']"
0dac5fe2-1404-4ad1-b243-abb30dfeb75c,149162,chewy gingerbread molasses cookies,"['margarine', 'sugar', 'molasses', 'water', 'flour', 'baking soda', 'ginger', 'cinnamon', 'allspice']"
0dac5fe2-1404-4ad1-b243-abb30dfeb75c,318050,diet soda pop brownies,"['brownie mix', 'diet pepsi']"
0dac5fe2-1404-4ad1-b243-abb30dfeb75c,81413,grandmas country soup 1965,"['fava beans', 'great northern bean', 'water', 'chicken stock', 'tomato paste', 'chili powder', 'cumin powder', 'onion', 'carrot', 'celery rib', 'savoy cabbage', 'frisee', 'salt', 'pepper', 'romano cheese', 'olive oil', 'spaghetti']"
0dac5fe2-1404-4ad1-b243-abb30dfeb75c,134451,hazelnut chip scones,"['flour', 'sugar', 'baking powder', 'salt', 'cream of tartar', 'butter', 'egg', 'hazelnut-flavored liquid coffee creamer', 'semi-sweet chocolate chips', 'brown sugar', 'ground cinnamon', 'ground allspice', 'ground nutmeg']"
0dac5fe2-1404-4ad1-b243-abb30dfeb75c,198802,cherry almond butter cookies,"['butter', 'sugar', 'egg', 'vanilla', 'flour', 'baking powder', 'dried cherries', 'slivered almonds']"
0dac5fe2-1404-4ad1-b243-abb30dfeb75c,51836,easy pasta lasagna,"['rigatoni pasta', 'eggs', 'ricotta cheese', 'parmesan cheese', 'minced garlic cloves', 'oregano', 'salt & pepper', 'pasta sauce', 'diced tomatoes', 'sour cream', 'mozzarella cheese']"
0e2eb907-c2dd-43c6-a01e-b0ccc6a86002,149162,chewy gingerbread molasses cookies,"['margarine', 'sugar', 'molasses', 'water', 'flour', 'baking soda', 'ginger', 'cinnamon', 'allspice']"
0e2eb907-c2dd-43c6-a01e-b0ccc6a86002,318050,diet soda pop brownies,"['brownie mix', 'diet pepsi']"
0e2eb907-c2dd-43c6-a01e-b0ccc6a86002,164062,good old diner meatloaf,"['ground chuck', 'ground pork', 'beef broth', 'yellow onion', 'breadcrumbs', 'garlic cloves', 'worcestershire sauce', 'egg', 'olive oil', 'salt', 'pepper', 'dried oregano', 'ketchup', 'brown sugar']"
0e2eb907-c2dd-43c6-a01e-b0ccc6a86002,466724,creamy chicken  spinach and tortellini soup,"['olive oil', 'sweet onion', 'carrots', 'garlic clove', 'bay leaf', 'poultry seasoning', 'herbes de provence', 'red chili pepper flakes', 'cinnamon', 'nutmeg', 'salt and pepper', 'tortellini', 'chicken stock', 'chicken bouillon', 'reduced-fat cream of chicken soup', 'frozen chopped spinach', 'cooked chicken breast', 'nonfat milk']"
0e2eb907-c2dd-43c6-a01e-b0ccc6a86002,116529,fudge filled chocolate chip thumbprints,"['butter', 'salt', 'vanilla extract', 'brown sugar', 'all-purpose flour', 'semisweet mini chocolate chips', 'milk', ""confectioners' sugar"", 'semisweet chocolate piece', 'shortening', 'white corn syrup', 'water']"
0e2eb907-c2dd-43c6-a01e-b0ccc6a86002,248074,garlic fries  light,"['canola oil', 'salt', 'baking potatoes', 'cooking spray', 'butter', 'garlic cloves', 'fresh parsley', 'parmesan cheese']"
0e2eb907-c2dd-43c6-a01e-b0ccc6a86002,38852,second only to my meatloaf  meatballs,"['ground beef', 'oatmeal', 'onion', 'egg', 'milk', 'salt', 'ketchup', 'vinegar', 'sugar', 'prepared mustard']"
0e2eb907-c2dd-43c6-a01e-b0ccc6a86002,86607,breakfast  pizza   somersize,"['bulk sausage', 'cheddar cheese', 'eggs', 'diced tomato', 'fresh mushrooms']"
fb7bddc3-17df-4391-ad1a-90800fe771e2,134451,hazelnut chip scones,"['flour', 'sugar', 'baking powder', 'salt', 'cream of tartar', 'butter', 'egg', 'hazelnut-flavored liquid coffee creamer', 'semi-sweet chocolate chips', 'brown sugar', 'ground cinnamon', 'ground allspice', 'ground nutmeg']"
fb7bddc3-17df-4391-ad1a-90800fe771e2,148527,breaded steak  bistec empanizado,"['steaks', 'onion', 'garlic cloves', 'orange juice', 'dried oregano', 'peppercorn', 'paprika', 'salt', 'eggs', 'cracker meal', 'flour', 'olive oil']"
fb7bddc3-17df-4391-ad1a-90800fe771e2,164062,good old diner meatloaf,"['ground chuck', 'ground pork', 'beef broth', 'yellow onion', 'breadcrumbs', 'garlic cloves', 'worcestershire sauce', 'egg', 'olive oil', 'salt', 'pepper', 'dried oregano', 'ketchup', 'brown sugar']"
fb7bddc3-17df-4391-ad1a-90800fe771e2,318050,diet soda pop brownies,"['brownie mix', 'diet pepsi']"
fa902424-4229-4652-9b7d-0c3a90fbfe2d,198802,cherry almond butter cookies,"['butter', 'sugar', 'egg', 'vanilla', 'flour', 'baking powder', 'dried cherries', 'slivered almonds']"
fa902424-4229-4652-9b7d-0c3a90fbfe2d,134451,hazelnut chip scones,"['flour', 'sugar', 'baking powder', 'salt', 'cream of tartar', 'butter', 'egg', 'hazelnut-flavored liquid coffee creamer', 'semi-sweet chocolate chips', 'brown sugar', 'ground cinnamon', 'ground allspice', 'ground nutmeg']"
fa902424-4229-4652-9b7d-0c3a90fbfe2d,163427,baked tofu with mushroom gravy,"['soft silken tofu', 'butter', 'white onions', 'white button mushrooms', 'flour', 'low-fat milk', 'low-fat plain yogurt', 'salt', 'pepper', 'dried thyme', 'oil', 'nonstick cooking spray']"
fa902424-4229-4652-9b7d-0c3a90fbfe2d,193998,abraham lincoln s   best cake i ever tasted    a white,"['granulated sugar', 'butter', 'vanilla', 'cake flour', 'baking powder', 'milk', 'almonds', 'egg whites', 'sugar', 'water', 'cream of tartar', 'salt']"
fa902424-4229-4652-9b7d-0c3a90fbfe2d,149162,chewy gingerbread molasses cookies,"['margarine', 'sugar', 'molasses', 'water', 'flour', 'baking soda', 'ginger', 'cinnamon', 'allspice']"
fa902424-4229-4652-9b7d-0c3a90fbfe2d,81413,grandmas country soup 1965,"['fava beans', 'great northern bean', 'water', 'chicken stock', 'tomato paste', 'chili powder', 'cumin powder', 'onion', 'carrot', 'celery rib', 'savoy cabbage', 'frisee', 'salt', 'pepper', 'romano cheese', 'olive oil', 'spaghetti']"
59f0e597-0920-4453-a49a-547f110ee31a,164062,good old diner meatloaf,"['ground chuck', 'ground pork', 'beef broth', 'yellow onion', 'breadcrumbs', 'garlic cloves', 'worcestershire sauce', 'egg', 'olive oil', 'salt', 'pepper', 'dried oregano', 'ketchup', 'brown sugar']"
59f0e597-0920-4453-a49a-547f110ee31a,466724,creamy chicken  spinach and tortellini soup,"['olive oil', 'sweet onion', 'carrots', 'garlic clove', 'bay leaf', 'poultry seasoning', 'herbes de provence', 'red chili pepper flakes', 'cinnamon', 'nutmeg', 'salt and pepper', 'tortellini', 'chicken stock', 'chicken bouillon', 'reduced-fat cream of chicken soup', 'frozen chopped spinach', 'cooked chicken breast', 'nonfat milk']"
59f0e597-0920-4453-a49a-547f110ee31a,116529,fudge filled chocolate chip thumbprints,"['butter', 'salt', 'vanilla extract', 'brown sugar', 'all-purpose flour', 'semisweet mini chocolate chips', 'milk', ""confectioners' sugar"", 'semisweet chocolate piece', 'shortening', 'white corn syrup', 'water']"
59f0e597-0920-4453-a49a-547f110ee31a,86607,breakfast  pizza   somersize,"['bulk sausage', 'cheddar cheese', 'eggs', 'diced tomato', 'fresh mushrooms']"
59f0e597-0920-4453-a49a-547f110ee31a,51836,easy pasta lasagna,"['rigatoni pasta', 'eggs', 'ricotta cheese', 'parmesan cheese', 'minced garlic cloves', 'oregano', 'salt & pepper', 'pasta sauce', 'diced tomatoes', 'sour cream', 'mozzarella cheese']"
59f0e597-0920-4453-a49a-547f110ee31a,149162,chewy gingerbread molasses cookies,"['margarine', 'sugar', 'molasses', 'water', 'flour', 'baking soda', 'ginger', 'cinnamon', 'allspice']"
59f0e597-0920-4453-a49a-547f110ee31a,81413,grandmas country soup 1965,"['fava beans', 'great northern bean', 'water', 'chicken stock', 'tomato paste', 'chili powder', 'cumin powder', 'onion', 'carrot', 'celery rib', 'savoy cabbage', 'frisee', 'salt', 'pepper', 'romano cheese', 'olive oil', 'spaghetti']"
7ca982c2-8d2c-4cae-bf31-790993f4cc6b,318050,diet soda pop brownies,"['brownie mix', 'diet pepsi']"
7ca982c2-8d2c-4cae-bf31-790993f4cc6b,164062,good old diner meatloaf,"['ground chuck', 'ground pork', 'beef broth', 'yellow onion', 'breadcrumbs', 'garlic cloves', 'worcestershire sauce', 'egg', 'olive oil', 'salt', 'pepper', 'dried oregano', 'ketchup', 'brown sugar']"
7ca982c2-8d2c-4cae-bf31-790993f4cc6b,466724,creamy chicken  spinach and tortellini soup,"['olive oil', 'sweet onion', 'carrots', 'garlic clove', 'bay leaf', 'poultry seasoning', 'herbes de provence', 'red chili pepper flakes', 'cinnamon', 'nutmeg', 'salt and pepper', 'tortellini', 'chicken stock', 'chicken bouillon', 'reduced-fat cream of chicken soup', 'frozen chopped spinach', 'cooked chicken breast', 'nonfat milk']"
7ca982c2-8d2c-4cae-bf31-790993f4cc6b,220440,easter deviled eggs,"['hard-cooked eggs', 'cream cheese', 'dijon mustard', 'mayonnaise', 'white vinegar', 'sea salt', 'fresh ground pepper', 'fresh dill weed', 'paprika']"
7ca982c2-8d2c-4cae-bf31-790993f4cc6b,418161,chicken oreganata with lime,"['fresh oregano', 'lime zest', 'ground cumin', 'garlic cloves', 'fresh ground black pepper', 'chicken breasts', 'extra virgin olive oil', 'salt', 'flour', 'chicken broth', 'tequila', 'fresh lime juice']"
7ca982c2-8d2c-4cae-bf31-790993f4cc6b,116529,fudge filled chocolate chip thumbprints,"['butter', 'salt', 'vanilla extract', 'brown sugar', 'all-purpose flour', 'semisweet mini chocolate chips', 'milk', ""confectioners' sugar"", 'semisweet chocolate piece', 'shortening', 'white corn syrup', 'water']"
7ca982c2-8d2c-4cae-bf31-790993f4cc6b,384508,gravy peas,"['peas', 'margarine', 'flour', '2% low-fat milk', 'salt', 'pepper']"
7c1124c8-86d2-4b75-a778-a6098cc9b54e,352281,chicken coconut curry soup   a k a  easy mulligatawny,"['whole boneless skinless chicken breast', 'potatoes', 'carrots', 'onion', 'curry powder', 'gingerroot', 'garlic', 'ground cumin', 'chicken stock cubes', 'water', 'coconut milk', 'salt', 'fresh ground pepper']"
7c1124c8-86d2-4b75-a778-a6098cc9b54e,336852,baked corn  like a corn casserole  but no cheese or sour cream,"['eggs', 'creamed corn', 'sugar', 'club crackers', 'salt', 'milk', 'butter']"
7c1124c8-86d2-4b75-a778-a6098cc9b54e,198802,cherry almond butter cookies,"['butter', 'sugar', 'egg', 'vanilla', 'flour', 'baking powder', 'dried cherries', 'slivered almonds']"
7c1124c8-86d2-4b75-a778-a6098cc9b54e,51836,easy pasta lasagna,"['rigatoni pasta', 'eggs', 'ricotta cheese', 'parmesan cheese', 'minced garlic cloves', 'oregano', 'salt & pepper', 'pasta sauce', 'diced tomatoes', 'sour cream', 'mozzarella cheese']"
7c1124c8-86d2-4b75-a778-a6098cc9b54e,163427,baked tofu with mushroom gravy,"['soft silken tofu', 'butter', 'white onions', 'white button mushrooms', 'flour', 'low-fat milk', 'low-fat plain yogurt', 'salt', 'pepper', 'dried thyme', 'oil', 'nonstick cooking spray']"
7c1124c8-86d2-4b75-a778-a6098cc9b54e,134451,hazelnut chip scones,"['flour', 'sugar', 'baking powder', 'salt', 'cream of tartar', 'butter', 'egg', 'hazelnut-flavored liquid coffee creamer', 'semi-sweet chocolate chips', 'brown sugar', 'ground cinnamon', 'ground allspice', 'ground nutmeg']"
7c1124c8-86d2-4b75-a778-a6098cc9b54e,81413,grandmas country soup 1965,"['fava beans', 'great northern bean', 'water', 'chicken stock', 'tomato paste', 'chili powder', 'cumin powder', 'onion', 'carrot', 'celery rib', 'savoy cabbage', 'frisee', 'salt', 'pepper', 'romano cheese', 'olive oil', 'spaghetti']"
7c1124c8-86d2-4b75-a778-a6098cc9b54e,149162,chewy gingerbread molasses cookies,"['margarine', 'sugar', 'molasses', 'water', 'flour', 'baking soda', 'ginger', 'cinnamon', 'allspice']"
10c63bdc-1f3c-49c9-9693-c0e9d236a5c9,248074,garlic fries  light,"['canola oil', 'salt', 'baking potatoes', 'cooking spray', 'butter', 'garlic cloves', 'fresh parsley', 'parmesan cheese']"
10c63bdc-1f3c-49c9-9693-c0e9d236a5c9,198802,cherry almond butter cookies,"['butter', 'sugar', 'egg', 'vanilla', 'flour', 'baking powder', 'dried cherries', 'slivered almonds']"
10c63bdc-1f3c-49c9-9693-c0e9d236a5c9,148527,breaded steak  bistec empanizado,"['steaks', 'onion', 'garlic cloves', 'orange juice', 'dried oregano', 'peppercorn', 'paprika', 'salt', 'eggs', 'cracker meal', 'flour', 'olive oil']"
10c63bdc-1f3c-49c9-9693-c0e9d236a5c9,81413,grandmas country soup 1965,"['fava beans', 'great northern bean', 'water', 'chicken stock', 'tomato paste', 'chili powder', 'cumin powder', 'onion', 'carrot', 'celery rib', 'savoy cabbage', 'frisee', 'salt', 'pepper', 'romano cheese', 'olive oil', 'spaghetti']"
10c63bdc-1f3c-49c9-9693-c0e9d236a5c9,418161,chicken oreganata with lime,"['fresh oregano', 'lime zest', 'ground cumin', 'garlic cloves', 'fresh ground black pepper', 'chicken breasts', 'extra virgin olive oil', 'salt', 'flour', 'chicken broth', 'tequila', 'fresh lime juice']"
10c63bdc-1f3c-49c9-9693-c0e9d236a5c9,466724,creamy chicken  spinach and tortellini soup,"['olive oil', 'sweet onion', 'carrots', 'garlic clove', 'bay leaf', 'poultry seasoning', 'herbes de provence', 'red chili pepper flakes', 'cinnamon', 'nutmeg', 'salt and pepper', 'tortellini', 'chicken stock', 'chicken bouillon', 'reduced-fat cream of chicken soup', 'frozen chopped spinach', 'cooked chicken breast', 'nonfat milk']"
10c63bdc-1f3c-49c9-9693-c0e9d236a5c9,220440,easter deviled eggs,"['hard-cooked eggs', 'cream cheese', 'dijon mustard', 'mayonnaise', 'white vinegar', 'sea salt', 'fresh ground pepper', 'fresh dill weed', 'paprika']"
10c63bdc-1f3c-49c9-9693-c0e9d236a5c9,149162,chewy gingerbread molasses cookies,"['margarine', 'sugar', 'molasses', 'water', 'flour', 'baking soda', 'ginger', 'cinnamon', 'allspice']"
10c63bdc-1f3c-49c9-9693-c0e9d236a5c9,318050,diet soda pop brownies,"['brownie mix', 'diet pepsi']"
10c63bdc-1f3c-49c9-9693-c0e9d236a5c9,164062,good old diner meatloaf,"['ground chuck', 'ground pork', 'beef broth', 'yellow onion', 'breadcrumbs', 'garlic cloves', 'worcestershire sauce', 'egg', 'olive oil', 'salt', 'pepper', 'dried oregano', 'ketchup', 'brown sugar']"
0ce95b69-6fcd-43ea-b834-ce05d1ae3fc5,318050,diet soda pop brownies,"['brownie mix', 'diet pepsi']"
0ce95b69-6fcd-43ea-b834-ce05d1ae3fc5,81413,grandmas country soup 1965,"['fava beans', 'great northern bean', 'water', 'chicken stock', 'tomato paste', 'chili powder', 'cumin powder', 'onion', 'carrot', 'celery rib', 'savoy cabbage', 'frisee', 'salt', 'pepper', 'romano cheese', 'olive oil', 'spaghetti']"
0ce95b69-6fcd-43ea-b834-ce05d1ae3fc5,164062,good old diner meatloaf,"['ground chuck', 'ground pork', 'beef broth', 'yellow onion', 'breadcrumbs', 'garlic cloves', 'worcestershire sauce', 'egg', 'olive oil', 'salt', 'pepper', 'dried oregano', 'ketchup', 'brown sugar']"
0ce95b69-6fcd-43ea-b834-ce05d1ae3fc5,466724,creamy chicken  spinach and tortellini soup,"['olive oil', 'sweet onion', 'carrots', 'garlic clove', 'bay leaf', 'poultry seasoning', 'herbes de provence', 'red chili pepper flakes', 'cinnamon', 'nutmeg', 'salt and pepper', 'tortellini', 'chicken stock', 'chicken bouillon', 'reduced-fat cream of chicken soup', 'frozen chopped spinach', 'cooked chicken breast', 'nonfat milk']"
0ce95b69-6fcd-43ea-b834-ce05d1ae3fc5,198802,cherry almond butter cookies,"['butter', 'sugar', 'egg', 'vanilla', 'flour', 'baking powder', 'dried cherries', 'slivered almonds']"
0ce95b69-6fcd-43ea-b834-ce05d1ae3fc5,148527,breaded steak  bistec empanizado,"['steaks', 'onion', 'garlic cloves', 'orange juice', 'dried oregano', 'peppercorn', 'paprika', 'salt', 'eggs', 'cracker meal', 'flour', 'olive oil']"
0ce95b69-6fcd-43ea-b834-ce05d1ae3fc5,116529,fudge filled chocolate chip thumbprints,"['butter', 'salt', 'vanilla extract', 'brown sugar', 'all-purpose flour', 'semisweet mini chocolate chips', 'milk', ""confectioners' sugar"", 'semisweet chocolate piece', 'shortening', 'white corn syrup', 'water']"
0ce95b69-6fcd-43ea-b834-ce05d1ae3fc5,51836,easy pasta lasagna,"['rigatoni pasta', 'eggs', 'ricotta cheese', 'parmesan cheese', 'minced garlic cloves', 'oregano', 'salt & pepper', 'pasta sauce', 'diced tomatoes', 'sour cream', 'mozzarella cheese']"
4ff89166-aae9-406c-9ee9-c6a40483d3e3,149162,chewy gingerbread molasses cookies,"['margarine', 'sugar', 'molasses', 'water', 'flour', 'baking soda', 'ginger', 'cinnamon', 'allspice']"
4ff89166-aae9-406c-9ee9-c6a40483d3e3,318050,diet soda pop brownies,"['brownie mix', 'diet pepsi']"
4ff89166-aae9-406c-9ee9-c6a40483d3e3,164062,good old diner meatloaf,"['ground chuck', 'ground pork', 'beef broth', 'yellow onion', 'breadcrumbs', 'garlic cloves', 'worcestershire sauce', 'egg', 'olive oil', 'salt', 'pepper', 'dried oregano', 'ketchup', 'brown sugar']"
4ff89166-aae9-406c-9ee9-c6a40483d3e3,172212,creamy mocha drink,"['splenda granular', 'baking cocoa', 'instant coffee granules', 'boiling water', '2% low-fat milk', 'vanilla extract', 'no-sugar-added reduced-fat vanilla ice cream', 'whipped topping', 'ground cinnamon']"
4ff89166-aae9-406c-9ee9-c6a40483d3e3,418161,chicken oreganata with lime,"['fresh oregano', 'lime zest', 'ground cumin', 'garlic cloves', 'fresh ground black pepper', 'chicken breasts', 'extra virgin olive oil', 'salt', 'flour', 'chicken broth', 'tequila', 'fresh lime juice']"
4ff89166-aae9-406c-9ee9-c6a40483d3e3,116529,fudge filled chocolate chip thumbprints,"['butter', 'salt', 'vanilla extract', 'brown sugar', 'all-purpose flour', 'semisweet mini chocolate chips', 'milk', ""confectioners' sugar"", 'semisweet chocolate piece', 'shortening', 'white corn syrup', 'water']"
4ff89166-aae9-406c-9ee9-c6a40483d3e3,384508,gravy peas,"['peas', 'margarine', 'flour', '2% low-fat milk', 'salt', 'pepper']"
1de2d1be-84e3-498a-b394-7cda4c9c05a7,149162,chewy gingerbread molasses cookies,"['margarine', 'sugar', 'molasses', 'water', 'flour', 'baking soda', 'ginger', 'cinnamon', 'allspice']"
1de2d1be-84e3-498a-b394-7cda4c9c05a7,318050,diet soda pop brownies,"['brownie mix', 'diet pepsi']"
1de2d1be-84e3-498a-b394-7cda4c9c05a7,164062,good old diner meatloaf,"['ground chuck', 'ground pork', 'beef broth', 'yellow onion', 'breadcrumbs', 'garlic cloves', 'worcestershire sauce', 'egg', 'olive oil', 'salt', 'pepper', 'dried oregano', 'ketchup', 'brown sugar']"
1de2d1be-84e3-498a-b394-7cda4c9c05a7,172212,creamy mocha drink,"['splenda granular', 'baking cocoa', 'instant coffee granules', 'boiling water', '2% low-fat milk', 'vanilla extract', 'no-sugar-added reduced-fat vanilla ice cream', 'whipped topping', 'ground cinnamon']"
1de2d1be-84e3-498a-b394-7cda4c9c05a7,163427,baked tofu with mushroom gravy,"['soft silken tofu', 'butter', 'white onions', 'white button mushrooms', 'flour', 'low-fat milk', 'low-fat plain yogurt', 'salt', 'pepper', 'dried thyme', 'oil', 'nonstick cooking spray']"
1de2d1be-84e3-498a-b394-7cda4c9c05a7,466724,creamy chicken  spinach and tortellini soup,"['olive oil', 'sweet onion', 'carrots', 'garlic clove', 'bay leaf', 'poultry seasoning', 'herbes de provence', 'red chili pepper flakes', 'cinnamon', 'nutmeg', 'salt and pepper', 'tortellini', 'chicken stock', 'chicken bouillon', 'reduced-fat cream of chicken soup', 'frozen chopped spinach', 'cooked chicken breast', 'nonfat milk']"
1de2d1be-84e3-498a-b394-7cda4c9c05a7,116529,fudge filled chocolate chip thumbprints,"['butter', 'salt', 'vanilla extract', 'brown sugar', 'all-purpose flour', 'semisweet mini chocolate chips', 'milk', ""confectioners' sugar"", 'semisweet chocolate piece', 'shortening', 'white corn syrup', 'water']"
3b9e7757-818f-4abd-8f13-7d5e1474f234,248074,garlic fries  light,"['canola oil', 'salt', 'baking potatoes', 'cooking spray', 'butter', 'garlic cloves', 'fresh parsley', 'parmesan cheese']"
3b9e7757-818f-4abd-8f13-7d5e1474f234,220440,easter deviled eggs,"['hard-cooked eggs', 'cream cheese', 'dijon mustard', 'mayonnaise', 'white vinegar', 'sea salt', 'fresh ground pepper', 'fresh dill weed', 'paprika']"
3b9e7757-818f-4abd-8f13-7d5e1474f234,148527,breaded steak  bistec empanizado,"['steaks', 'onion', 'garlic cloves', 'orange juice', 'dried oregano', 'peppercorn', 'paprika', 'salt', 'eggs', 'cracker meal', 'flour', 'olive oil']"
3b9e7757-818f-4abd-8f13-7d5e1474f234,163427,baked tofu with mushroom gravy,"['soft silken tofu', 'butter', 'white onions', 'white button mushrooms', 'flour', 'low-fat milk', 'low-fat plain yogurt', 'salt', 'pepper', 'dried thyme', 'oil', 'nonstick cooking spray']"
3b9e7757-818f-4abd-8f13-7d5e1474f234,172212,creamy mocha drink,"['splenda granular', 'baking cocoa', 'instant coffee granules', 'boiling water', '2% low-fat milk', 'vanilla extract', 'no-sugar-added reduced-fat vanilla ice cream', 'whipped topping', 'ground cinnamon']"
3b9e7757-818f-4abd-8f13-7d5e1474f234,134451,hazelnut chip scones,"['flour', 'sugar', 'baking powder', 'salt', 'cream of tartar', 'butter', 'egg', 'hazelnut-flavored liquid coffee creamer', 'semi-sweet chocolate chips', 'brown sugar', 'ground cinnamon', 'ground allspice', 'ground nutmeg']"
3b9e7757-818f-4abd-8f13-7d5e1474f234,81413,grandmas country soup 1965,"['fava beans', 'great northern bean', 'water', 'chicken stock', 'tomato paste', 'chili powder', 'cumin powder', 'onion', 'carrot', 'celery rib', 'savoy cabbage', 'frisee', 'salt', 'pepper', 'romano cheese', 'olive oil', 'spaghetti']"
3b9e7757-818f-4abd-8f13-7d5e1474f234,318050,diet soda pop brownies,"['brownie mix', 'diet pepsi']"
3b9e7757-818f-4abd-8f13-7d5e1474f234,149162,chewy gingerbread molasses cookies,"['margarine', 'sugar', 'molasses', 'water', 'flour', 'baking soda', 'ginger', 'cinnamon', 'allspice']"
65ca0216-4704-450b-9cc9-0fdb0e3709fd,318050,diet soda pop brownies,"['brownie mix', 'diet pepsi']"
65ca0216-4704-450b-9cc9-0fdb0e3709fd,81413,grandmas country soup 1965,"['fava beans', 'great northern bean', 'water', 'chicken stock', 'tomato paste', 'chili powder', 'cumin powder', 'onion', 'carrot', 'celery rib', 'savoy cabbage', 'frisee', 'salt', 'pepper', 'romano cheese', 'olive oil', 'spaghetti']"
65ca0216-4704-450b-9cc9-0fdb0e3709fd,164062,good old diner meatloaf,"['ground chuck', 'ground pork', 'beef broth', 'yellow onion', 'breadcrumbs', 'garlic cloves', 'worcestershire sauce', 'egg', 'olive oil', 'salt', 'pepper', 'dried oregano', 'ketchup', 'brown sugar']"
65ca0216-4704-450b-9cc9-0fdb0e3709fd,352281,chicken coconut curry soup   a k a  easy mulligatawny,"['whole boneless skinless chicken breast', 'potatoes', 'carrots', 'onion', 'curry powder', 'gingerroot', 'garlic', 'ground cumin', 'chicken stock cubes', 'water', 'coconut milk', 'salt', 'fresh ground pepper']"
d96a52fc-e923-4eb2-8ce5-09ff6c073338,318050,diet soda pop brownies,"['brownie mix', 'diet pepsi']"
d96a52fc-e923-4eb2-8ce5-09ff6c073338,164062,good old diner meatloaf,"['ground chuck', 'ground pork', 'beef broth', 'yellow onion', 'breadcrumbs', 'garlic cloves', 'worcestershire sauce', 'egg', 'olive oil', 'salt', 'pepper', 'dried oregano', 'ketchup', 'brown sugar']"
d96a52fc-e923-4eb2-8ce5-09ff6c073338,418161,chicken oreganata with lime,"['fresh oregano', 'lime zest', 'ground cumin', 'garlic cloves', 'fresh ground black pepper', 'chicken breasts', 'extra virgin olive oil', 'salt', 'flour', 'chicken broth', 'tequila', 'fresh lime juice']"
d96a52fc-e923-4eb2-8ce5-09ff6c073338,193998,abraham lincoln s   best cake i ever tasted    a white,"['granulated sugar', 'butter', 'vanilla', 'cake flour', 'baking powder', 'milk', 'almonds', 'egg whites', 'sugar', 'water', 'cream of tartar', 'salt']"
d96a52fc-e923-4eb2-8ce5-09ff6c073338,38852,second only to my meatloaf  meatballs,"['ground beef', 'oatmeal', 'onion', 'egg', 'milk', 'salt', 'ketchup', 'vinegar', 'sugar', 'prepared mustard']"
d96a52fc-e923-4eb2-8ce5-09ff6c073338,86607,breakfast  pizza   somersize,"['bulk sausage', 'cheddar cheese', 'eggs', 'diced tomato', 'fresh mushrooms']"
98911b1e-f76b-4dd7-ac94-89f770c8a7cf,38852,second only to my meatloaf  meatballs,"['ground beef', 'oatmeal', 'onion', 'egg', 'milk', 'salt', 'ketchup', 'vinegar', 'sugar', 'prepared mustard']"
98911b1e-f76b-4dd7-ac94-89f770c8a7cf,220440,easter deviled eggs,"['hard-cooked eggs', 'cream cheese', 'dijon mustard', 'mayonnaise', 'white vinegar', 'sea salt', 'fresh ground pepper', 'fresh dill weed', 'paprika']"
98911b1e-f76b-4dd7-ac94-89f770c8a7cf,81413,grandmas country soup 1965,"['fava beans', 'great northern bean', 'water', 'chicken stock', 'tomato paste', 'chili powder', 'cumin powder', 'onion', 'carrot', 'celery rib', 'savoy cabbage', 'frisee', 'salt', 'pepper', 'romano cheese', 'olive oil', 'spaghetti']"
98911b1e-f76b-4dd7-ac94-89f770c8a7cf,172212,creamy mocha drink,"['splenda granular', 'baking cocoa', 'instant coffee granules', 'boiling water', '2% low-fat milk', 'vanilla extract', 'no-sugar-added reduced-fat vanilla ice cream', 'whipped topping', 'ground cinnamon']"
98911b1e-f76b-4dd7-ac94-89f770c8a7cf,149162,chewy gingerbread molasses cookies,"['margarine', 'sugar', 'molasses', 'water', 'flour', 'baking soda', 'ginger', 'cinnamon', 'allspice']"
98911b1e-f76b-4dd7-ac94-89f770c8a7cf,164062,good old diner meatloaf,"['ground chuck', 'ground pork', 'beef broth', 'yellow onion', 'breadcrumbs', 'garlic cloves', 'worcestershire sauce', 'egg', 'olive oil', 'salt', 'pepper', 'dried oregano', 'ketchup', 'brown sugar']"
be823ed3-e549-4b5e-b8f9-e85c5dcc3e1a,415374,garlic loaf,"['butter', 'parsley', 'garlic powder', 'garlic salt', 'frozen bread dough']"
be823ed3-e549-4b5e-b8f9-e85c5dcc3e1a,38852,second only to my meatloaf  meatballs,"['ground beef', 'oatmeal', 'onion', 'egg', 'milk', 'salt', 'ketchup', 'vinegar', 'sugar', 'prepared mustard']"
be823ed3-e549-4b5e-b8f9-e85c5dcc3e1a,336852,baked corn  like a corn casserole  but no cheese or sour cream,"['eggs', 'creamed corn', 'sugar', 'club crackers', 'salt', 'milk', 'butter']"
be823ed3-e549-4b5e-b8f9-e85c5dcc3e1a,172212,creamy mocha drink,"['splenda granular', 'baking cocoa', 'instant coffee granules', 'boiling water', '2% low-fat milk', 'vanilla extract', 'no-sugar-added reduced-fat vanilla ice cream', 'whipped topping', 'ground cinnamon']"
be823ed3-e549-4b5e-b8f9-e85c5dcc3e1a,51836,easy pasta lasagna,"['rigatoni pasta', 'eggs', 'ricotta cheese', 'parmesan cheese', 'minced garlic cloves', 'oregano', 'salt & pepper', 'pasta sauce', 'diced tomatoes', 'sour cream', 'mozzarella cheese']"
be823ed3-e549-4b5e-b8f9-e85c5dcc3e1a,134451,hazelnut chip scones,"['flour', 'sugar', 'baking powder', 'salt', 'cream of tartar', 'butter', 'egg', 'hazelnut-flavored liquid coffee creamer', 'semi-sweet chocolate chips', 'brown sugar', 'ground cinnamon', 'ground allspice', 'ground nutmeg']"
be823ed3-e549-4b5e-b8f9-e85c5dcc3e1a,81413,grandmas country soup 1965,"['fava beans', 'great northern bean', 'water', 'chicken stock', 'tomato paste', 'chili powder', 'cumin powder', 'onion', 'carrot', 'celery rib', 'savoy cabbage', 'frisee', 'salt', 'pepper', 'romano cheese', 'olive oil', 'spaghetti']"
be823ed3-e549-4b5e-b8f9-e85c5dcc3e1a,318050,diet soda pop brownies,"['brownie mix', 'diet pepsi']"
be823ed3-e549-4b5e-b8f9-e85c5dcc3e1a,149162,chewy gingerbread molasses cookies,"['margarine', 'sugar', 'molasses', 'water', 'flour', 'baking soda', 'ginger', 'cinnamon', 'allspice']"
